Date,Blackout,Notes (Blackout),Showered in morning,Notes (Showered in morning),Hrs Sleep: <6.5'6.5-7.5'7.5+,Notes (Hrs Sleep: <6.5'6.5-7.5'7.5+),Woke up during night,Notes (Woke up during night),Tired at night,Notes (Tired at night),Happy (woke up),Notes (Happy (woke up)),Happy (throughout day),Notes (Happy (throughout day)),Worked/studied 3+'6+ hrs,Notes (Worked/studied 3+'6+ hrs),Productive @ work,Notes (Productive @ work),Ate well,Notes (Ate well),2x coffee neutral' 3+ bad,Notes (2x coffee neutral' 3+ bad),No Alcohol (one drink=neut),Notes (No Alcohol (one drink=neut)),Bike,Notes (Bike),Miles: <6'6-9'9+,Notes (Miles: <6'6-9'9+),Fatigued on run,Notes (Fatigued on run),Hard running workout,Notes (Hard running workout),Saw pru,Notes (Saw pru),Blazed,Notes (Blazed),Saw john/Caleb/friends,Notes (Saw john/Caleb/friends),Read/podcasts/learned,Notes (Read/podcasts/learned),Sex,Notes (Sex),hu,Notes (hu),Good sex,Notes (Good sex),Wack,Notes (Wack),Porn,Notes (Porn),Felt aggressive/got angry,Notes (Felt aggressive/got angry),Travelled (num hours),Notes (Travelled (num hours)),Very deep conversation,Notes (Very deep conversation)
7/7/2015,No,-,No,-,Yes,8,No,-,Yes,-,Yes,-,No,-,Yes,-,Yes,-,Skip,-,Skip,-,Yes,-,No,-,Yes,10.5,Yes,-,Skip,-,No,-,No,-,No,-,Yes,-,No,-,-,-,Skip,-,Yes,-,No,-,No,-,No,-,No,-
7/8/2015,No,-,Yes,-,No,6,No,-,Skip,-,Yes,-,Yes,-,Yes,-,Yes,-,Yes,-,Skip,-,Yes,-,No,-,Skip,7,Yes,-,Yes,-,Yes,-,No,-,Yes,-,Yes,-,No,-,-,-,Skip,-,No,-,No,-,No,-,No,-,No,-
7/9/2015,No,-,No,-,Yes,7.5,Yes,-,No,-,Skip,-,Yes,-,Yes,-,Yes,-,Skip,-,Skip,-,Yes,-,No,-,Yes,14,No,-,Yes,-,No,-,No,-,Yes,-,Yes,-,No,-,-,-,Skip,-,Yes,-,No,-,Skip,-,No,-,No,-
7/10/2015,No,-,Yes,-,Skip,7,No,-,Yes,-,Yes,-,Yes,-,Yes,-,No,-,No,-,Yes,-,Skip,-,No,-,Yes,10.5,No,-,No,-,No,-,Yes,-,Yes,-,Yes,-,No,-,-,-,Skip,-,Yes,-,No,-,Yes,-,No,-,No,-
7/11/2015,No,-,No,-,No,5,No,-,Yes,-,Yes,-,Skip,-,No,-,Skip,-,No,-,Yes,-,Skip,-,No,-,Yes,9,Yes,-,No,-,No,-,Yes,-,Yes,-,Yes,-,No,-,-,-,Skip,-,Yes,-,No,-,Skip,-,No,-,No,-
7/12/2015,No,-,No,-,Yes,10.5,Yes,-,No,-,No,-,Skip,-,No,-,Skip,-,Skip,-,Yes,-,Yes,-,No,-,Skip,8.5,Yes,-,Skip,-,No,-,No,-,No,-,No,-,No,-,-,-,Skip,-,Yes,-,Yes,-,No,-,No,-,No,-
7/13/2015,No,-,Yes,-,No,5.75,No,-,Skip,-,Yes,-,Yes,-,Yes,-,No,-,Yes,-,Skip,-,Yes,-,No,-,No,2.5,Yes,-,No,-,Yes,-,No,-,No,-,No,-,No,-,-,-,Skip,-,Yes,-,No,-,No,-,No,-,No,-
7/14/2015,No,-,No,-,Yes,7.5,No,-,Yes,-,Skip,-,No,-,Yes,-,No,-,Yes,-,Yes,-,Yes,-,No,-,Yes,11.5,No,-,No,-,No,-,No,-,Yes,-,Yes,-,No,-,-,-,Skip,-,No,-,No,-,Yes,-,No,-,No,-
7/15/2015,No,-,Yes,-,Skip,6.75,No,-,Yes,-,Skip,-,Yes,-,Yes,-,No,-,Yes,-,Yes,-,Yes,-,No,-,Yes,9,Skip,-,No,-,Yes,-,No,-,No,-,No,-,No,-,-,-,Skip,-,No,-,No,-,Skip,-,No,-,No,-
7/16/2015,No,-,Yes,-,Yes,8.5,No,-,Yes,-,Yes,-,Yes,-,Yes,-,No,-,No,-,Skip,-,Skip,-,No,-,Yes,10,No,-,Yes,-,No,-,No,-,Yes,-,Yes,-,No,-,-,-,Skip,-,No,-,No,-,Yes,-,No,-,No,-
7/17/2015,No,-,No,-,No,6,No,-,Yes,-,Yes,-,Skip,-,Yes,-,Yes,-,Skip,-,Yes,-,Yes,-,No,-,Skip,6.5,Yes,-,No,-,Yes,-,No,-,Yes,-,Yes,-,Yes,-,-,-,Yes,-,No,-,No,-,Yes,-,No,-,No,-
7/18/2015,No,-,No,-,No,5,No,-,No,-,Yes,-,Yes,-,Skip,-,Yes,-,Skip,-,Yes,-,No,-,No,-,Yes,11.5,No,-,Yes,-,No,-,No,-,No,-,Yes,-,No,-,-,-,Skip,-,No,-,No,-,No,-,Yes,5,No,-
7/19/2015,No,-,Yes,-,Yes,9.75,No,-,Yes,-,Yes,-,Yes,-,No,-,Skip,-,No,-,Yes,-,No,-,No,-,Skip,6,Yes,-,No,-,No,-,No,-,No,-,No,-,No,-,-,-,Skip,-,No,-,No,-,No,-,No,-,No,-
7/20/2015,No,-,Yes,-,Skip,7,No,-,Yes,-,Yes,-,Yes,-,No,-,Skip,-,No,-,Yes,-,Yes,-,No,-,Skip,8,No,-,No,-,Yes,-,No,-,No,-,Yes,-,Yes,-,-,-,Yes,-,No,-,No,-,No,-,Yes,5,No,-
7/21/2015,No,-,Yes,-,Yes,7.5,Yes,-,Yes,-,Yes,-,Yes,-,Yes,-,Yes,-,Skip,-,Skip,-,Yes,-,No,-,Yes,10,No,-,No,-,Yes,-,No,-,Yes,-,Yes,-,No,-,-,-,Skip,-,Yes,-,Yes,-,No,-,No,-,No,-
7/22/2015,No,-,Yes,-,No,6.5,Yes,-,Yes,-,Skip,-,No,-,Yes,-,Yes,-,No,-,No,-,Yes,-,No,-,Yes,12.5,No,-,Yes,-,Yes,-,No,-,No,-,Yes,-,No,-,-,-,Skip,-,Yes,-,No,-,Yes,-,No,-,No,-
7/23/2015,No,-,Yes,-,Yes,8,No,-,Yes,-,Skip,-,No,-,Yes,-,No,-,No,-,Skip,-,Yes,-,No,-,No,5,Yes,-,No,-,Yes,-,No,-,No,-,Yes,-,Yes,-,-,-,No,-,No,-,No,-,No,-,No,-,No,-
7/24/2015,No,-,No,-,Skip,7,No,-,Yes,-,Yes,-,No,-,Yes,-,No,-,No,-,Yes,-,Skip,-,No,-,No,2,No,-,No,-,Yes,-,No,-,Yes,-,Yes,-,No,-,-,-,Skip,-,Yes,-,No,-,Skip,-,No,-,Yes,-
7/25/2015,No,-,No,-,Yes,8,No,-,No,-,Yes,-,Yes,-,No,-,Skip,-,Yes,-,Yes,-,Yes,-,No,-,No,2,No,-,No,-,Yes,-,No,-,No,-,No,-,Yes,-,-,-,Yes,-,No,-,No,-,No,-,No,-,No,-
7/26/2015,No,-,Yes,-,Skip,6.75,No,-,Yes,-,Yes,-,Yes,-,No,-,Skip,-,No,-,No,-,Skip,-,No,-,Yes,14,Yes,-,Yes,-,Yes,-,No,-,Yes,-,No,-,Yes,-,-,-,Yes,-,Yes,-,Yes,-,No,-,No,-,Yes,-
7/27/2015,No,-,No,-,Yes,8.25,No,-,Yes,-,Yes,-,Yes,-,Yes,-,No,-,Skip,-,Yes,-,Yes,-,No,-,No,0,Skip,-,No,-,No,-,No,-,Yes,-,Yes,-,No,-,-,-,Skip,-,Yes,-,No,-,No,-,No,-,No,-
7/28/2015,No,-,Yes,-,Yes,7.5,No,-,No,-,Yes,-,Yes,-,Yes,-,No,-,No,-,Yes,-,Yes,-,No,-,Skip,8,No,-,Yes,-,Yes,-,No,-,No,-,No,-,Yes,-,-,-,Yes,-,No,-,No,-,No,-,No,-,No,-
7/29/2015,No,-,Yes,-,Yes,7.5,No,-,Yes,-,Yes,-,Yes,-,Yes,-,No,-,No,-,Yes,-,Yes,-,No,-,Yes,10,Yes,-,No,-,Yes,-,No,-,No,-,Yes,-,No,-,-,-,Skip,-,No,-,No,-,No,-,No,-,No,-
7/30/2015,No,-,No,-,Yes,8,No,-,No,-,Yes,-,Yes,-,Yes,-,No,-,No,-,Yes,-,Yes,-,No,-,Skip,7.5,Yes,-,Yes,-,Yes,-,No,-,Yes,-,Yes,-,No,-,-,-,Skip,-,Yes,-,No,-,No,-,No,-,No,-
7/31/2015,No,-,No,-,Skip,7.25,No,-,Yes,-,Yes,-,Yes,-,Yes,-,Yes,-,No,-,Yes,-,Skip,-,No,-,Skip,8,Yes,-,No,-,Yes,-,No,-,Yes,-,Yes,-,Yes,-,-,-,Yes,-,No,-,No,-,No,-,No,-,No,-
8/1/2015,No,-,No,-,Yes,8,No,-,Yes,-,Yes,-,Yes,-,No,-,Skip,-,No,-,Yes,-,No,-,No,-,No,0,Skip,-,No,-,Yes,-,No,-,No,-,No,-,Yes,-,-,-,Yes,-,No,-,No,-,No,-,No,-,Yes,-
8/2/2015,No,-,No,-,Skip,7.25,No,-,Yes,-,Yes,-,Yes,-,No,-,Skip,-,Yes,-,Yes,-,Yes,-,Yes,-,Yes,15 (bike equivalent),No,-,Yes,-,No,-,No,-,Yes,-,No,-,No,-,-,-,Skip,-,Yes,-,No,-,No,-,No,-,No,-
8/3/2015,No,-,No,-,Yes,8.5,Yes,-,No,-,Yes,-,Yes,-,Yes,-,Yes,-,Yes,-,No,-,Yes,-,No,-,Yes,9,Yes,-,No,-,No,-,No,-,Yes,-,No,-,No,-,-,-,Skip,-,Yes,-,Yes,-,No,-,No,-,No,-
8/4/2015,No,-,No,-,No,5,Yes,-,No,-,No,-,Yes,-,Yes,-,Yes,-,Skip,-,Yes,-,Yes,-,No,-,Skip,8,No,-,No,-,Yes,-,No,-,No,-,Yes,-,No,-,-,-,Skip,-,No,-,No,-,No,-,No,-,No,-
8/5/2015,No,-,Yes,-,No,5,Yes,-,Yes,-,No,-,Yes,-,Yes,-,Yes,-,No,-,No,-,Yes,-,No,-,Yes,10,No,-,No,-,No,-,No,-,Yes,-,No,-,No,-,-,-,Skip,-,Yes,-,Yes,-,No,-,No,-,No,-
8/6/2015,No,-,No,-,Yes,8.5,No,-,No,-,Yes,-,Yes,-,Yes,-,Yes,-,Yes,-,Yes,-,Yes,-,No,-,Yes,12,No,-,Yes,-,Yes,-,No,-,No,-,No,-,No,-,-,-,Skip,-,Yes,-,Yes,-,No,-,No,-,No,-
8/7/2015,No,-,Yes,-,Skip,7,No,-,Yes,-,Yes,-,Yes,-,No,-,Skip,-,Yes,-,Yes,-,No,-,No,-,Skip,6,Yes,-,No,-,Yes,-,Yes,-,Yes,-,No,-,Yes,-,-,-,No,-,No,-,No,-,Yes,-,No,-,No,-
8/8/2015,No,-,Yes,-,Yes,7.75,No,-,Yes,-,Yes,-,Yes,-,No,-,Skip,-,Yes,-,No,-,No,-,No,-,Yes,11.5,No,-,Yes,-,Yes,-,Yes,-,Yes,-,No,-,No,-,-,-,Skip,-,No,-,No,-,No,-,No,-,No,-
8/9/2015,No,-,Yes,-,Skip,7,No,-,Yes,-,Yes,-,Yes,-,No,-,Skip,-,Yes,-,No,-,No,-,No,-,No,1,Yes,-,No,-,Yes,-,Yes,-,Yes,-,No,-,No,-,-,-,Skip,-,Yes,-,No,-,No,-,No,-,No,-
8/10/2015,No,-,Yes,-,Yes,8,Yes,-,Yes,-,Yes,-,Yes,-,No,-,Skip,-,No,-,Skip,-,No,-,No,-,Yes,10,Yes,-,No,-,No,-,No,-,Yes,-,No,-,No,-,-,-,Skip,-,No,-,No,-,No,-,Yes,2,Yes,-
8/11/2015,No,-,No,-,Yes,8,No,-,No,-,Skip,-,Skip,-,No,-,Skip,-,Yes,-,Yes,-,Yes,-,No,-,Yes,10,No,-,Yes,-,Yes,-,No,-,Yes,-,No,-,No,-,-,-,Skip,-,Yes,-,Yes,-,No,-,Yes,2,Yes,-
8/12/2015,No,-,No,-,Yes,7.5,No,-,Skip,-,Yes,-,Skip,-,Skip,-,Yes,-,Skip,-,Yes,-,Yes,-,No,-,Yes,9.5,Yes,-,No,-,No,-,No,-,Yes,-,No,-,No,-,-,-,Skip,-,Yes,-,Yes,-,No,-,No,-,Yes,-
8/13/2015,No,-,No,-,Yes,8.5,No,-,No,-,Yes,-,Yes,-,No,-,Skip,-,Skip,-,Yes,-,Yes,-,Yes,-,No,4,Yes,-,No,-,No,-,Yes,-,No,-,Yes,-,No,-,-,-,Skip,-,Yes,-,Yes,-,No,-,No,-,No,-
8/14/2015,No,-,Yes,-,Yes,7.5,No,-,Yes,-,Yes,-,Yes,-,No,-,Skip,-,Yes,-,Skip,-,Yes,-,No,-,Skip,8,Yes,-,No,-,Yes,-,No,-,Yes,-,Yes,-,Yes,-,-,-,No,-,No,-,No,-,No,-,No,-,No,-
8/15/2015,No,-,No,-,Yes,7.5,No,-,No,-,Yes,-,Yes,-,No,-,Skip,-,Yes,-,Skip,-,No,-,No,-,Yes,14,No,-,Yes,-,Yes,-,-,-,Yes,-,No,-,Yes,-,-,-,Yes,-,No,-,No,-,No,-,No,-,No,-
8/16/2015,No,-,No,-,Yes,8,No,-,Yes,-,Yes,-,Yes,-,No,-,Skip,-,No,-,Yes,-,Yes,-,No,-,Skip,8,Yes,-,No,-,Yes,-,Yes,-,Yes,-,Yes,-,Yes,-,-,-,Yes,-,No,-,No,-,No,-,No,-,No,-
8/17/2015,No,-,No,-,Yes,7.5,No,-,Yes,-,Yes,-,Yes,-,No,-,Skip,-,No,-,Yes,-,Skip,-,No,-,No,5,Yes,-,No,-,Yes,-,No,-,No,-,No,-,Yes,-,-,-,Yes,-,No,-,No,-,No,-,No,-,Yes,-
8/18/2015,No,-,Yes,-,Yes,8,Yes,-,No,-,Yes,-,Yes,-,No,-,Skip,-,Yes,-,Yes,-,No,-,No,-,Yes,10,No,-,Yes,-,Yes,-,No,-,No,-,No,-,Yes,-,-,-,Yes,-,No,-,No,-,No,-,No,-,Yes,-
8/19/2015,No,-,Yes,-,No,2.5,Yes,-,Yes,-,Yes,-,Yes,-,Yes,-,Yes,-,No,-,Yes,-,No,-,No,-,Skip,8.5,No,-,No,-,Yes,-,Yes,-,Yes,-,No,-,Yes,-,-,-,Yes,-,No,-,No,-,No,-,No,-,No,-
8/20/2015,No,-,No,-,Yes,8,No,-,No,-,Yes,-,Yes,-,Yes,-,Yes,-,Yes,-,Yes,-,No,-,No,-,Skip,8,No,-,Yes,-,Yes,-,No,-,Yes,-,No,-,Yes,-,-,-,Yes,-,No,-,No,-,No,-,No,-,Yes,-
8/21/2015,Yes,-,Yes,-,No,1,No,-,Yes,-,Yes,-,Yes,-,No,-,Skip,-,Yes,-,Yes,-,No,-,No,-,No,0,Yes,-,No,-,No,-,No,-,Yes,-,No,-,No,-,-,-,Skip,-,No,-,No,-,No,-,Yes,10,No,-
8/22/2015,No,-,No,-,Yes,12,No,-,No,-,No,-,Yes,-,No,-,Skip,-,Yes,-,Yes,-,No,-,No,-,No,0,Yes,-,No,-,No,-,Yes,-,Yes,-,No,-,No,-,-,-,Skip,-,Yes,-,Yes,-,No,-,No,-,No,-
8/23/2015,No,-,Yes,-,No,0,Yes,-,No,-,Yes,-,No,-,No,-,Skip,-,Skip,-,Yes,-,No,-,No,-,Yes,14,No,-,Yes,-,No,-,Yes,-,Yes,-,No,-,No,-,-,-,Skip,-,Yes,-,Yes,-,No,-,No,-,No,-
8/24/2015,No,-,Yes,-,Skip,7,No,-,No,-,Yes,-,Yes,-,No,-,Skip,-,Yes,-,Skip,-,No,-,No,-,Yes,12,Yes,-,No,-,No,-,Yes,-,Yes,-,No,-,Yes,-,-,-,No,-,No,-,No,-,No,-,No,-,No,-
8/25/2015,No,-,No,-,Skip,7,Yes,-,No,-,Yes,-,Yes,-,Yes,-,Yes,-,Yes,-,Yes,-,Yes,-,No,-,Yes,10,No,-,Yes,-,No,-,No,-,Yes,-,No,-,No,-,-,-,Skip,-,Yes,-,Yes,-,No,-,No,-,No,-
8/26/2015,No,-,Yes,-,No,6,Yes,-,Yes,-,Yes,-,Yes,-,Yes,-,Yes,-,Yes,-,Yes,-,Yes,-,No,-,Skip,8,No,-,No,-,No,-,Yes,-,Yes,-,Yes,-,No,-,-,-,Skip,-,Yes,-,Yes,-,No,-,No,-,No,-
8/27/2015,No,-,Yes,-,Skip,7,No,-,Yes,-,Yes,-,Yes,-,Yes,-,Yes,-,Yes,-,Yes,-,No,-,No,-,Yes,9,No,-,No,-,No,-,No,-,Yes,-,Yes,-,No,-,-,-,Skip,-,Yes,-,Yes,-,Yes,-,No,-,No,-
8/28/2015,No,-,Yes,-,Yes,7.5,No,-,Skip,-,Yes,-,Yes,-,Yes,-,Yes,-,No,-,Yes,-,Yes,-,No,-,Yes,10,No,-,No,-,No,-,Yes,-,Yes,-,Yes,-,No,-,-,-,Skip,-,Yes,-,No,-,No,-,No,-,No,-
8/29/2015,No,-,Yes,-,Skip,6.75,No,-,Yes,-,Yes,-,Skip,-,No,-,Skip,-,No,-,Yes,-,No,-,No,-,Yes,9,Yes,-,No,-,No,-,-,-,Yes,-,No,-,No,-,-,-,Skip,-,Yes,-,No,-,No,-,No,-,No,-
8/30/2015,No,-,No,-,Skip,7.25,No,-,Yes,-,No,-,Yes,-,No,-,Skip,-,Yes,-,Yes,-,Yes,-,No,-,Yes,14,No,-,Yes,-,No,-,No,-,Yes,-,Yes,-,No,-,-,-,Skip,-,Yes,-,No,-,No,-,No,-,No,-
8/31/2015,No,-,Yes,-,Yes,8.75,No,-,No,-,Yes,-,Yes,-,Yes,-,Yes,-,Skip,-,Yes,-,Yes,-,No,-,Skip,7,Yes,-,No,-,No,-,No,-,Yes,-,Yes,-,No,-,-,-,Skip,-,Yes,-,Yes,-,No,-,No,-,No,-
9/1/2015,No,-,Yes,-,No,6.5,No,-,Yes,-,Yes,-,Yes,-,Yes,-,No,-,Skip,-,Yes,-,Yes,-,No,-,Yes,10,No,-,Yes,-,No,-,No,-,Yes,-,Yes,-,No,-,-,-,Skip,-,No,-,No,-,No,-,No,-,No,-
9/2/2015,No,-,Yes,-,Yes,8,No,-,Yes,-,Yes,-,No,-,Skip,-,No,-,No,-,Yes,-,Yes,-,No,-,Yes,14,Yes,-,No,-,No,-,No,-,Yes,-,Yes,-,No,-,-,-,Skip,-,Yes,-,Yes,-,No,-,No,-,No,-
9/3/2015,No,-,No,-,Skip,6.75,No,-,Yes,-,Skip,-,Skip,-,Skip,-,No,-,No,-,Yes,-,No,-,No,-,Yes,9.5,No,-,No,-,No,-,Yes,-,Yes,-,Yes,-,No,-,-,-,Skip,-,Yes,-,Yes,-,No,-,No,-,Yes,-
9/4/2015,No,-,No,-,Yes,7.75,No,-,No,-,Yes,-,Yes,-,Skip,-,Yes,-,Yes,-,Skip,-,No,-,No,-,No,3,No,-,No,-,No,-,No,-,Yes,-,Yes,-,No,-,-,-,Skip,-,No,-,No,-,No,-,No,-,No,-
9/5/2015,No,-,Yes,-,No,6.5,No,-,No,-,Yes,-,Yes,-,No,-,Skip,-,Yes,-,Skip,-,No,-,No,-,No,0,Skip,-,No,-,No,-,Yes,-,Yes,-,No,-,No,-,-,-,Skip,-,No,-,No,-,No,-,No,-,Yes,Acid
9/6/2015,No,-,Yes,-,No,6,No,-,Yes,-,Yes,-,Yes,-,No,-,Skip,-,Skip,-,Skip,-,No,-,No,-,No,4,No,-,No,-,No,-,Yes,-,Yes,-,No,-,No,-,-,-,Skip,-,No,-,No,-,No,-,No,-,No,-
9/7/2015,No,-,No,-,Yes,9,No,-,Skip,-,Yes,-,Yes,-,Skip,-,Yes,-,Skip,-,Skip,-,Yes,-,No,-,No,0.5,Yes,-,No,-,No,-,No,-,Yes,-,Yes,-,No,-,-,-,Skip,-,Yes,-,No,-,No,-,No,-,No,-
9/8/2015,No,-,Yes,-,No,6.5,Yes,-,Yes,-,Yes,-,Yes,-,Yes,-,Yes,-,No,-,Yes,-,Yes,-,No,-,Yes,17,No,-,Yes,-,No,-,No,-,Yes,-,Yes,-,No,-,-,-,Skip,-,Yes,-,No,-,No,-,No,-,No,-
9/9/2015,No,-,No,-,Skip,7,Yes,-,Yes,-,Yes,-,No,-,Yes,-,Yes,-,Yes,-,Yes,-,Yes,-,No,-,No,4.5,Yes,-,No,-,No,-,No,-,Yes,-,Yes,-,No,-,-,-,Skip,-,No,-,No,-,No,-,No,-,Yes,-
9/10/2015,No,-,Yes,-,Yes,7.75,No,-,Yes,-,Yes,-,No,-,Yes,-,Yes,-,No,-,Yes,-,Skip,-,No,-,No,2.5,Yes,-,No,-,No,-,Yes,-,Yes,-,Yes,-,No,-,-,-,Skip,-,Yes,-,No,-,No,-,No,-,No,-
9/11/2015,No,-,Yes,-,Yes,9,Yes,-,Yes,-,Yes,-,Yes,-,Yes,-,Yes,-,Yes,-,Yes,-,No,-,No,-,Yes,10,No,-,Yes,-,No,-,Yes,-,Yes,-,Yes,-,No,-,-,-,Skip,-,Yes,-,Yes,-,No,-,No,-,Yes,-
9/12/2015,No,-,Yes,-,No,6,No,-,No,-,Yes,-,Yes,-,Yes,-,Yes,-,Skip,-,Yes,-,No,-,No,-,Yes,9,No,-,No,-,No,-,Yes,-,Yes,-,Yes,-,No,-,-,-,Skip,-,Yes,-,Yes,-,No,-,No,-,No,-
9/13/2015,No,-,Yes,-,No,6,Yes,-,Yes,-,Yes,-,Yes,-,Yes,-,Yes,-,Skip,-,Yes,-,Yes,-,Yes,3,Yes,14,No,-,Yes,-,No,-,No,-,Yes,-,Yes,-,No,-,-,-,Skip,-,No,-,No,-,No,-,No,-,No,-
9/14/2015,No,-,Yes,-,Yes,8,No,-,Yes,-,Yes,-,Yes,-,Yes,-,Yes,-,Skip,-,Yes,-,Yes,-,No,-,Yes,10,No,-,No,-,No,-,No,-,Yes,-,Yes,-,No,-,-,-,Skip,-,Yes,-,Yes,-,No,-,No,-,No,-
9/15/2015,No,-,Yes,-,Skip,7.25,Yes,-,Yes,-,Yes,-,Yes,-,Yes,-,Yes,-,No,-,Skip,-,Yes,-,No,-,Skip,6.5,Yes,-,Yes,-,No,-,No,-,Yes,-,Yes,-,No,-,-,-,Skip,-,Yes,-,Yes,-,No,-,No,-,No,-
9/16/2015,No,-,Yes,-,Skip,7,No,-,No,-,Yes,-,Yes,-,Yes,-,Yes,-,No,-,Skip,-,Yes,-,No,-,No,6,No,-,No,-,No,-,No,-,Yes,-,Yes,-,No,-,-,-,Skip,-,Yes,-,Yes,-,No,-,No,-,Yes,-
9/17/2015,Yes,-,Yes,-,No,6.5,Yes,-,Yes,-,Yes,-,Yes,-,Yes,-,Yes,-,Skip,-,Yes,-,No,-,No,-,Yes,10.5,No,-,Yes,-,No,-,Yes,-,Yes,-,Yes,-,No,-,-,-,Skip,-,No,-,No,-,No,-,No,-,No,-
9/18/2015,No,-,Yes,-,Skip,7.25,Yes,-,No,-,Skip,-,Yes,-,Yes,-,No,-,Skip,-,Yes,-,No,-,Yes,2,No,1,Yes,-,No,-,No,-,No,-,Yes,-,No,-,No,-,-,-,Skip,-,No,-,No,-,No,-,No,-,Yes,Sabrina a datenight
9/19/2015,No,-,No,-,No,5.75,Yes,-,No,-,Yes,-,No,-,No,-,No,-,No,-,Yes,-,Yes,-,Yes,3,Skip,8,No,-,No,-,No,-,Yes,-,Yes,-,No,-,No,-,-,-,Skip,-,Yes,-,Yes,-,No,-,No,-,Yes,Walked on river high af with jono
9/20/2015,No,-,Yes,-,No,6,No,-,Yes,-,Skip,-,Yes,-,Yes,-,Yes,-,Skip,-,Yes,-,Yes,-,No,-,Yes,12,No,-,Yes,-,No,-,Yes,-,Yes,-,Yes,-,No,-,-,-,Skip,-,Yes,-,No,-,No,-,No,-,No,-
9/21/2015,No,-,Yes,-,Skip,6.5,No,-,Yes,-,Yes,-,Yes,-,Yes,-,Yes,-,Skip,-,Yes,-,Yes,-,Yes,12,No,0,Skip,-,No,-,No,-,No,-,Yes,-,Yes,-,No,-,-,-,Skip,-,No,-,No,-,No,-,No,-,No,-
9/22/2015,No,-,Yes,-,Skip,7,No,-,Yes,-,Yes,-,Yes,-,Yes,-,Yes,-,Skip,-,Yes,-,Yes,-,No,-,Skip,8,No,-,Yes,-,No,-,Yes,-,Yes,-,Yes,-,No,-,-,-,Skip,-,Yes,-,No,-,No,-,No,-,No,-
9/23/2015,No,-,Yes,-,Skip,7,No,-,Yes,-,Yes,-,Yes,-,Yes,-,Yes,-,Yes,-,Yes,-,Yes,-,Yes,13,No,4.5,No,-,No,-,No,-,No,-,Yes,-,Yes,-,No,-,-,-,Skip,-,No,-,No,-,No,-,No,-,No,-
9/24/2015,No,-,Yes,-,Skip,6.75,No,-,Yes,-,Yes,-,Yes,-,Yes,-,Yes,-,Skip,-,Skip,-,No,-,Yes,3,Yes,10,No,-,Yes,-,No,-,No,-,Yes,-,Yes,-,No,-,-,-,Skip,-,No,-,No,-,No,-,No,-,No,-
9/25/2015,No,-,Yes,-,Yes,7.5,No,-,Yes,-,Yes,-,Yes,-,No,-,Skip,-,No,-,Skip,-,Skip,-,Yes,6,Skip,8,Yes,-,No,-,No,-,Yes,-,Yes,-,Yes,-,No,-,-,-,Skip,-,Yes,-,Yes,-,No,-,No,-,No,-
9/26/2015,No,-,Yes,-,Yes,8.5,No,-,Yes,-,Yes,-,No,-,Yes,-,No,-,No,-,Yes,-,No,-,No,-,Yes,10,No,-,Yes,-,No,-,Yes,-,Yes,-,Yes,-,No,-,-,-,Skip,-,No,-,No,-,No,-,No,-,No,-
9/27/2015,No,-,Yes,-,No,6.5,Yes,-,Yes,-,Yes,-,Yes,-,Yes,-,Yes,-,No,-,Yes,-,Yes,-,Yes,2,Yes,14,No,-,Yes,-,No,-,Yes,-,Yes,-,Yes,-,No,-,-,-,Skip,-,Yes,-,Yes,-,No,-,No,-,No,-
9/28/2015,No,-,Yes,-,Skip,7,No,-,Yes,-,Skip,-,Yes,-,Yes,-,Yes,-,Skip,-,Yes,-,Yes,-,No,-,Yes,9.5,No,-,Yes,-,No,-,Yes,-,Yes,-,Yes,-,No,-,-,-,Skip,-,No,-,No,-,No,-,No,-,No,-
9/29/2015,No,-,Yes,-,No,6.5,No,-,Yes,-,Skip,-,No,-,Yes,-,Yes,-,No,-,Skip,-,Yes,-,Yes,2,Skip,8,Yes,-,Yes,-,No,-,No,-,Yes,-,Yes,-,No,-,-,-,Skip,-,Yes,-,No,-,No,-,No,-,No,-
9/30/2015,No,-,Yes,-,No,6.5,No,-,Yes,-,Yes,-,Yes,-,Yes,-,Yes,-,No,-,Yes,-,Yes,-,Yes,15,No,4,Yes,-,No,-,No,-,No,-,Yes,-,Yes,-,No,-,-,-,Skip,-,No,-,No,-,No,-,No,-,No,-
10/1/2015,No,-,Yes,-,No,4.5,No,-,Yes,-,Yes,-,Yes,-,Yes,-,Yes,-,Skip,-,Skip,-,Yes,-,Yes,3,Yes,10,No,-,No,-,No,-,Yes,-,Yes,-,Yes,-,No,-,-,-,Skip,-,Yes,-,Yes,-,No,-,No,-,No,-
10/2/2015,No,-,Yes,-,Yes,8.25,No,-,Yes,-,Yes,-,Yes,-,No,-,No,-,No,-,Yes,-,No,-,Yes,4,Yes,9,No,-,No,-,No,-,Yes,-,Yes,-,Yes,-,No,-,-,-,Skip,-,No,-,No,-,No,-,No,-,No,-
10/3/2015,No,-,No,-,Yes,7.75,No,-,Yes,-,Yes,-,Skip,-,No,-,No,-,Skip,-,Yes,-,Yes,-,No,-,No,6,No,-,No,-,No,-,No,-,Yes,-,No,-,No,-,-,-,Skip,-,Yes,-,Yes,-,No,-,No,-,No,-
10/4/2015,No,-,Yes,-,Yes,8.25,No,-,Yes,-,No,-,Yes,-,Skip,-,Yes,-,Skip,-,Yes,-,Yes,-,No,-,Yes,11,No,-,Yes,-,No,-,Yes,-,No,-,Skip,-,No,-,-,-,Skip,-,Yes,-,Yes,-,No,-,Yes,2.5,No,-
10/5/2015,No,-,Yes,-,Skip,7.25,No,-,Yes,-,Yes,-,Yes,-,Yes,-,Skip,-,Skip,-,Yes,-,Yes,-,No,-,Yes,9,No,-,Yes,-,No,-,No,-,Yes,-,Yes,-,No,-,-,-,Skip,-,Yes,-,Yes,-,No,-,No,-,No,-
10/6/2015,No,-,Yes,-,Skip,7,No,-,Yes,-,Yes,-,Skip,-,Yes,-,Yes,-,No,-,Skip,-,Skip,-,No,-,Skip,8.5,No,-,No,-,No,-,Skip,-,Yes,-,Yes,-,No,-,-,-,Skip,-,Yes,-,Yes,-,No,-,No,-,No,-
10/7/2015,No,-,Yes,-,Skip,6.75,No,-,Yes,-,Yes,-,Yes,-,No,-,No,-,No,-,Skip,-,No,-,Yes,3,Skip,8,No,-,Yes,-,No,-,Yes,-,Yes,-,No,-,No,-,-,-,Skip,-,Yes,-,Yes,-,No,-,No,-,No,-
10/8/2015,No,-,No,-,Skip,7,No,-,Yes,-,Yes,-,Yes,-,No,-,Skip,-,Skip,-,Yes,-,No,-,No,-,Yes,10,No,-,No,-,No,-,Yes,-,Yes,-,No,-,No,-,-,-,Skip,-,No,-,No,-,No,-,Yes,3,No,-
10/9/2015,No,-,No,-,No,5.5,No,-,Yes,-,Yes,-,Skip,-,No,-,Skip,-,No,-,Yes,-,No,-,No,-,Skip,8,Yes,-,No,-,No,-,Yes,-,Yes,-,No,-,No,-,-,-,Skip,-,No,-,No,-,Yes,-,No,-,No,-
10/10/2015,No,-,Yes,-,No,5.75,No,-,Yes,-,Yes,-,Skip,-,No,-,Skip,-,Skip,-,Skip,-,No,-,No,-,No,0,Skip,-,No,-,No,-,No,-,Yes,-,No,-,No,-,-,-,Skip,-,No,-,No,-,No,-,No,-,No,-
10/11/2015,No,-,Yes,-,No,5,No,-,Yes,-,Yes,-,Yes,-,No,-,Skip,-,Yes,-,Yes,-,Yes,-,No,-,Yes,17,No,-,Yes,-,No,-,No,-,Yes,-,Yes,-,No,-,-,-,Skip,-,Yes,-,Yes,-,No,-,Yes,4,No,-
10/12/2015,No,-,Yes,-,Yes,8,No,-,Yes,-,Yes,-,Yes,-,Skip,-,Yes,-,Yes,-,Yes,-,Yes,-,Yes,5,Yes,10,No,-,Yes,-,No,-,No,-,Yes,-,Yes,-,No,-,-,-,Skip,-,Yes,-,Yes,-,No,-,No,-,No,-
10/13/2015,No,-,Yes,-,Skip,7.25,No,-,Skip,-,Yes,-,Yes,-,Yes,-,Yes,-,Yes,-,Skip,-,Yes,-,Yes,2,Skip,7,Yes,-,Yes,-,Skip,-,No,-,Yes,-,Yes,-,No,-,-,-,Skip,-,No,-,No,-,No,-,No,-,No,-
10/14/2015,No,-,Yes,-,Skip,7,Yes,-,Yes,-,Yes,-,Yes,-,Yes,-,No,-,Yes,-,Skip,-,No,-,Yes,2,Skip,8,Yes,-,No,-,Skip,(Grey means texted),No,-,Yes,-,Yes,-,No,-,-,-,Skip,-,No,-,No,-,No,-,No,-,No,-
10/15/2015,No,-,Yes,-,No,6.5,No,-,Yes,-,Yes,-,Skip,-,Skip,-,No,-,No,-,Yes,-,Yes,-,No,-,Yes,10,No,-,No,-,No,-,No,-,Yes,-,No,-,No,-,-,-,Skip,-,Yes,-,Yes,-,No,-,No,-,No,-
10/16/2015,No,-,Yes,-,Skip,7,Yes,-,No,-,Yes,-,Yes,-,No,-,No,-,Yes,-,Yes,-,Yes,-,No,-,Skip,8,No,-,No,-,No,-,No,-,Yes,-,No,-,No,-,-,-,Skip,-,Yes,-,Yes,-,No,-,No,-,No,-
10/17/2015,No,-,Yes,-,No,5.75,Yes,-,Yes,-,Yes,-,Yes,-,Skip,-,Yes,-,No,-,Yes,-,Yes,-,No,-,Skip,7,No,-,Yes,-,No,-,No,-,Yes,-,No,-,No,-,-,-,Skip,-,No,-,No,-,No,-,Yes,6.25,Yes,Debate w/will about utilitarianism' other stuff' then with Rosie/Caroline about lots of stuff :)
10/18/2015,No,-,No,-,Yes,8,No,-,Yes,-,Yes,-,Yes,-,Skip,-,Yes,-,No,-,Yes,-,Yes,-,Yes,4,Yes,12,Yes,-,No,-,No,-,No,-,Yes,-,Yes,-,No,-,-,-,Skip,-,Yes,-,Yes,-,No,-,No,-,No,-
10/19/2015,No,-,Yes,-,Skip,7.5,No,-,No,-,Yes,-,Yes,-,Yes,-,Yes,-,No,-,Skip,-,Yes,-,Yes,3,Skip,8,No,-,No,-,No,-,No,-,Yes,-,Yes,-,No,-,-,-,Skip,-,No,-,No,-,No,-,No,-,No,-
10/20/2015,No,-,Yes,-,No,5.5,No,-,Yes,-,Yes,-,Skip,-,Yes,-,Yes,-,Skip,-,Skip,-,Yes,-,Yes,3,Yes,10,No,-,Yes,-,No,-,Yes,-,Yes,-,Yes,-,No,-,-,-,Skip,-,Yes,-,No,-,No,-,No,-,No,-
10/21/2015,No,-,Yes,-,Skip,7.5,No,-,Yes,-,Yes,-,Yes,-,Yes,-,Yes,-,Skip,-,Skip,-,Yes,-,Yes,5,Yes,9,Yes,-,No,-,No,-,No,-,Yes,-,Yes,-,No,-,-,-,Skip,-,No,-,No,-,No,-,No,-,No,-
10/22/2015,No,-,Yes,-,No,6.25,No,-,Yes,-,Yes,-,No,-,Yes,-,Yes,-,Skip,-,Yes,-,Skip,-,No,-,Yes,9,Yes,-,No,-,No,-,No,-,Yes,-,Yes,-,No,-,-,-,Skip,-,No,-,No,-,No,-,No,-,No,-
10/23/2015,No,-,No,-,No,5,No,-,Yes,-,Yes,-,No,-,Skip,-,Yes,-,Yes,-,Yes,-,Yes,-,No,-,Skip,8,No,-,No,-,No,-,No,-,Yes,-,Yes,-,No,-,-,-,Skip,-,Yes,-,No,-,No,-,No,-,No,-
10/24/2015,No,-,Yes,-,Yes,8,No,-,Yes,-,Yes,-,Yes,-,No,-,Yes,-,No,-,Yes,-,Skip,-,No,-,Skip,8,No,-,Yes,-,No,-,No,-,Yes,-,Yes,-,Skip,-,-,-,Skip,-,Yes,-,Yes,-,No,-,Yes,2,No,-
10/25/2015,No,-,Yes,-,Yes,7.5,No,-,No,-,Yes,-,Yes,-,Yes,-,Yes,-,Skip,-,Yes,-,Yes,-,Yes,15,Yes,10.5,No,-,No,-,No,-,Yes,-,Yes,-,Yes,-,No,-,-,-,Skip,-,Yes,-,No,-,No,-,No,-,Yes,Acid
10/26/2015,No,-,Yes,-,No,4.75,No,-,Yes,-,Yes,-,Yes,-,Yes,-,Yes,-,Yes,-,Yes,-,Yes,-,Yes,2,Skip,7,Yes,-,No,-,Skip,Snapchatted,No,-,Yes,-,Yes,-,No,-,-,-,Skip,-,Yes,-,No,-,No,-,No,-,No,-
10/27/2015,No,-,Yes,-,Yes,8.5,No,-,Yes,-,Yes,-,Yes,-,Yes,-,Yes,-,Yes,-,No,-,Yes,-,No,-,Yes,9.5,No,-,Yes,-,No,-,No,-,Yes,-,Yes,-,No,-,-,-,Skip,-,Yes,-,No,-,No,-,No,-,No,-
10/28/2015,No,-,Yes,-,Yes,7.5,No,-,Yes,-,Yes,-,Yes,-,Yes,-,Yes,-,Yes,-,Yes,-,Yes,-,No,-,Skip,7,Yes,-,No,-,No,-,No,-,Yes,-,Yes,-,No,-,-,-,Skip,-,Yes,-,Yes,-,No,-,No,-,No,-
10/29/2015,Yes,-,Yes,-,No,6,No,-,Yes,-,Yes,-,Yes,-,Yes,-,Yes,-,Yes,-,No,-,No,-,Yes,2,Yes,10.5,No,-,Yes,-,No,-,Yes,-,Yes,-,Yes,-,No,-,-,-,Skip,-,No,-,No,-,No,-,No,-,No,-
10/30/2015,No,-,Yes,-,No,6.5,No,-,No,-,Yes,-,Yes,-,Yes,-,Yes,-,No,-,Skip,-,No,-,Yes,3,No,3,Yes,-,No,-,No,-,Yes,-,Yes,-,Yes,-,No,-,-,-,Skip,-,No,-,No,-,No,-,No,-,Yes,W/Caroline drunk
10/31/2015,No,-,No,-,Yes,7.5,No,-,Yes,-,Yes,-,Yes,-,Yes,-,Yes,-,Skip,-,Yes,-,No,-,No,-,Yes,10,No,-,No,-,No,-,Yes,-,Yes,-,Yes,-,No,-,-,-,Skip,-,No,-,No,-,No,-,No,-,No,-
11/1/2015,No,-,No,-,Skip,7,No,-,Yes,-,Yes,-,Skip,-,Skip,-,Yes,-,Skip,-,Skip,-,Yes,-,Yes,4,Yes,10,Yes,-,No,-,No,-,Yes,-,Yes,-,Yes,-,No,-,-,-,Skip,-,Yes,-,Yes,-,No,-,No,-,No,-
11/2/2015,No,-,Yes,-,Skip,7,No,-,Yes,-,Yes,-,Skip,-,Yes,-,No,-,Yes,-,Skip,-,Yes,-,Yes,1,Yes,10,No,-,No,-,No,-,No,-,Yes,-,Yes,-,No,-,-,-,Skip,-,Yes,-,Yes,-,No,-,No,-,No,-
11/3/2015,No,-,Yes,-,No,6.5,No,-,No,-,No,-,Yes,-,Yes,-,Yes,-,Skip,-,Yes,-,Yes,-,No,-,Skip,8,No,-,Yes,-,No,-,Yes,-,Yes,-,Yes,-,No,-,-,-,Skip,-,Yes,-,No,-,No,-,No,-,Yes,-
11/4/2015,No,-,Yes,-,No,4.5,No,-,Yes,-,Yes,-,Yes,-,Skip,-,Yes,-,Skip,-,Yes,-,Yes,-,Yes,1,Yes,11,No,-,No,-,No,-,Yes,-,Yes,-,Yes,-,No,-,-,-,Skip,-,Yes,-,No,-,No,-,No,-,Yes,-
11/5/2015,No,-,Yes,-,No,6.5,No,-,Yes,-,Yes,-,Yes,-,Skip,-,Yes,-,Skip,-,Yes,-,No,-,No,-,Yes,11,No,-,Yes,-,No,-,Yes,-,Yes,-,Yes,-,Yes,-,-,-,Yes,-,No,-,No,-,No,-,No,-,No,-
11/6/2015,No,-,Yes,-,No,5.5,Yes,-,Yes,-,Yes,-,Yes,-,No,-,No,-,No,-,Yes,-,Yes,-,Yes,22,No,0,Skip,-,Skip,-,No,-,Yes,-,Yes,-,No,-,No,-,-,-,Skip,-,Yes,-,Yes,-,No,-,No,-,No,-
11/7/2015,No,-,No,-,No,6.5,No,-,Yes,-,Yes,-,Yes,-,No,-,Yes,-,Skip,-,Skip,-,No,-,No,-,No,5,No,-,Yes,-,No,-,Yes,-,Yes,-,No,-,No,-,-,-,Skip,-,No,-,No,-,No,-,No,-,No,-
11/8/2015,No,-,No,-,Yes,10.5,No,-,Yes,-,Yes,-,Yes,-,Skip,-,Yes,-,Skip,-,Yes,-,Yes,-,Yes,18,Yes,13.5,No,-,Yes,-,No,-,Yes,-,Yes,-,Yes,-,No,-,-,-,Skip,-,Yes,-,Yes,-,No,-,No,-,Yes,-
11/9/2015,No,-,Yes,-,Yes,7.75,No,-,No,-,No,-,Yes,-,Yes,-,Yes,-,No,-,Yes,-,Yes,-,Yes,0.5,Skip,6,No,-,No,-,No,-,No,-,Yes,-,Yes,-,No,-,-,-,Skip,-,Yes,-,Yes,-,No,-,No,-,No,-
11/10/2015,No,-,Yes,-,No,6,Yes,-,No,-,Yes,-,Yes,-,Yes,-,Yes,-,No,-,Yes,-,Yes,-,No,-,No,6,No,-,Yes,-,Skip,Texted,No,-,Yes,-,Yes,-,No,-,-,-,Skip,-,Yes,-,Yes,-,Yes,-,No,-,No,-
11/11/2015,No,-,Yes,-,No,4.5,No,-,Yes,-,Yes,-,Skip,-,Yes,-,Yes,-,Skip,-,Yes,-,No,-,Yes,3,Yes,10,No,-,No,-,No,-,Yes,-,Yes,-,Yes,-,No,-,-,-,Skip,-,Yes,-,Yes,-,Yes,-,No,-,Yes,-
11/12/2015,No,-,Yes,-,No,5.5,No,-,Yes,-,No,-,Yes,-,Yes,-,No,-,Skip,-,Yes,-,Yes,-,Yes,3,Yes,10,No,-,No,-,No,-,No,-,Yes,-,No,-,No,-,-,-,Skip,-,Yes,-,Yes,-,No,-,No,-,No,-
11/13/2015,No,-,No,-,Skip,7,No,-,Yes,-,Yes,-,Yes,-,No,-,Yes,-,Yes,-,Yes,-,Yes,-,No,-,No,5,Yes,-,No,-,No,-,No,-,Yes,-,Yes,-,No,-,-,-,Skip,-,No,-,No,-,Yes,-,Yes,8,Yes,-
11/14/2015,No,-,Yes,-,Yes,8,No,-,Yes,-,Yes,-,Skip,-,No,-,Skip,-,No,-,No,-,No,-,No,-,Yes,9.5,No,-,Yes,-,No,-,No,-,Yes,-,No,-,No,-,-,-,Skip,-,No,-,No,-,No,-,No,-,No,-
11/15/2015,No,-,No,-,No,4.5,No,-,Yes,-,Yes,-,Yes,-,No,-,No,-,No,-,Yes,-,Yes,-,Yes,5,Yes,14,No,-,No,-,No,-,Yes,-,Yes,-,Yes,-,No,-,-,-,Skip,-,Yes,-,Yes,-,Yes,-,Yes,5,Yes,-
11/16/2015,No,-,Yes,-,No,6.25,No,-,Yes,-,No,-,No,-,Yes,-,Yes,-,No,-,Yes,-,Yes,-,Yes,3,No,5.5,No,-,No,-,No,-,No,-,Yes,-,Yes,-,No,-,-,-,Skip,-,Yes,-,Yes,-,Yes,-,No,-,Yes,-
11/17/2015,No,-,No,-,Skip,6.5,No,-,No,-,Yes,-,Yes,-,Yes,-,Yes,-,Skip,-,Yes,-,Yes,-,Yes,2,No,5,No,-,No,-,No,-,No,-,Yes,-,Yes,-,No,-,-,-,Skip,-,Yes,-,Yes,-,No,-,No,-,Skip,-
11/18/2015,Yes,-,No,-,Skip,7.25,No,-,Yes,-,Yes,-,Yes,-,Yes,-,No,-,Yes,-,Yes,-,No,-,Yes,2,Yes,10,No,-,No,-,No,-,Yes,-,Yes,-,Yes,-,No,-,-,-,Skip,-,No,-,No,-,No,-,No,-,No,-
11/19/2015,No,-,No,-,Yes,8.25,No,-,No,-,No,-,Yes,-,Yes,-,No,-,Skip,-,Yes,-,Yes,-,Yes,1,No,3,Yes,-,No,-,No,-,Yes,-,Yes,-,Yes,-,No,-,-,-,Skip,-,Yes,-,Yes,-,No,-,No,-,Yes,-
11/20/2015,No,-,Yes,-,No,4.75,No,-,Yes,-,Yes,-,Yes,-,Yes,-,Yes,-,Skip,-,Yes,-,Yes,-,Yes,7,Skip,7,No,-,No,-,No,-,Yes,-,Yes,-,Yes,-,No,-,-,-,Skip,-,No,-,No,-,No,-,No,-,Yes,-
11/21/2015,No,-,No,-,Yes,9,No,-,Yes,-,Yes,-,Yes,-,No,-,No,-,Skip,-,Yes,-,Yes,-,Yes,5,No,4.5,No,-,No,-,No,-,No,-,No,-,Yes,-,No,-,-,-,Skip,-,Yes,-,Yes,-,No,-,No,-,No,-
11/22/2015,No,-,No,-,No,5.5,No,-,Yes,-,Yes,-,Yes,-,Skip,-,Yes,-,No,-,Yes,-,Yes,-,Yes,4,Yes,14,No,-,Yes,-,No,-,Yes,-,Yes,-,Yes,-,No,-,-,-,Skip,-,Yes,-,Yes,-,No,-,No,-,Yes,-
11/23/2015,No,-,No,-,No,5,No,-,Yes,-,Yes,-,Skip,-,No,-,No,-,No,-,Yes,-,Yes,-,Yes,1,No,4,No,-,No,-,No,-,Yes,-,Yes,-,No,-,No,-,-,-,Skip,-,Yes,-,Yes,-,No,-,No,-,No,-
11/24/2015,No,-,Yes,-,Yes,7.5,No,-,Yes,-,Yes,-,Yes,-,No,-,No,-,No,-,Yes,-,No,-,Yes,3,No,6,No,-,Yes,-,No,-,Yes,-,Yes,-,No,-,No,-,-,-,Skip,-,No,-,No,-,No,-,No,-,No,-
11/25/2015,No,-,No,-,Skip,7,No,-,No,-,Yes,-,Yes,-,No,-,No,-,No,-,Yes,-,No,-,Yes,15,No,0,No,-,No,-,No,-,Yes,-,Yes,-,No,-,No,-,-,-,Skip,-,Yes,-,Yes,-,No,-,No,-,Yes,Trip
11/26/2015,No,-,No,-,No,5,Yes,-,Yes,-,Yes,-,No,-,No,-,No,-,No,-,Yes,-,Skip,-,No,-,No,1.5,Yes,-,No,-,No,-,No,-,Yes,-,No,-,No,-,-,-,Skip,-,Yes,-,Yes,-,No,-,No,-,No,-
11/27/2015,No,-,Yes,-,Skip,-,Yes,-,Yes,-,Yes,-,Yes,-,No,-,No,-,Skip,-,Yes,-,Yes,-,No,-,No,0,No,-,No,-,No,-,Yes,-,Yes,-,No,-,No,-,-,-,Skip,-,Yes,-,No,-,Yes,-,Yes,3,Yes,-
11/28/2015,No,-,No,-,Yes,11,No,-,Yes,-,No,-,No,-,No,-,No,-,Skip,-,Yes,-,Skip,-,Yes,5,No,0,No,-,No,-,No,-,No,-,Yes,-,No,-,No,-,-,-,Skip,-,Yes,-,Yes,-,No,-,No,-,No,-
11/29/2015,No,-,No,-,Yes,8,No,-,Yes,-,Yes,-,Yes,-,No,-,Yes,-,Skip,-,Yes,-,Yes,-,Yes,3,Yes,17,No,-,No,-,Skip,-,Yes,-,Yes,-,Yes,-,No,-,-,-,Skip,-,Yes,-,Yes,-,No,-,No,-,Yes,Talked w/Caroline about PENN sex culture
11/30/2015,No,-,No,-,Skip,6.75,No,-,Yes,-,Yes,-,Yes,-,Skip,-,Yes,-,Skip,-,Skip,-,Yes,-,Yes,1,Skip,8,No,-,No,-,No,-,No,-,Yes,-,Yes,-,No,-,-,-,Skip,-,Yes,-,Yes,-,No,-,No,-,No,-
12/1/2015,No,-,No,-,No,6.5,No,-,Yes,-,Yes,-,Yes,-,Yes,-,Yes,-,Skip,-,Yes,-,Yes,-,No,-,Skip,6,Yes,-,Yes,-,No,-,No,-,Yes,-,Yes,-,No,-,-,-,Skip,-,No,-,No,-,No,-,No,-,Yes,Caroline
12/2/2015,No,-,No,-,Yes,7.5,No,-,Yes,-,Yes,-,No,-,Yes,-,No,-,Yes,-,No,-,No,-,No,-,No,4.5,No,-,Yes,-,No,-,Yes,-,Yes,-,Yes,-,No,-,-,-,Skip,-,No,-,No,-,Yes,-,No,-,No,-
12/3/2015,No,-,No,-,No,5,No,-,Yes,-,No,-,Yes,-,Yes,-,Yes,-,Skip,-,Yes,-,Yes,-,Yes,1,Yes,9,No,-,No,-,No,-,No,-,Yes,-,Yes,-,No,-,-,-,Skip,-,No,-,No,-,No,-,No,-,No,-
12/4/2015,No,-,Yes,-,Yes,9.5,Yes,-,No,-,Yes,-,Yes,-,Yes,-,Yes,-,Skip,-,Yes,-,Yes,-,Yes,2.5,Yes,10,No,-,No,-,No,-,Yes,-,Yes,-,Yes,-,No,-,-,-,Skip,-,Yes,-,Yes,-,No,-,No,-,Yes,W evan
12/5/2015,No,-,-,-,No,4.25,-,-,-,-,Yes,-,-,-,-,-,-,-,-,-,-,-,Yes,-,No,-,No,2.5,No,-,No,-,No,-,Yes,-,Yes,-,Yes,-,No,-,-,-,Skip,-,No,-,No,-,No,-,No,-,Yes,Evan' Rosie' Caroline' bared out Bigley
12/6/2015,No,-,No,-,No,5,No,-,Yes,-,Yes,-,Yes,-,Yes,-,Yes,-,Skip,-,Yes,-,Yes,-,No,-,Yes,11,No,-,Yes,-,No,-,No,-,Yes,-,Yes,-,No,-,-,-,Skip,-,Yes,-,Yes,-,No,-,No,-,No,-
12/7/2015,No,-,No,-,Skip,7.25,No,-,Skip,-,Yes,-,Yes,-,Yes,-,Yes,-,Skip,-,Yes,-,Yes,-,Yes,15,No,5.25,No,-,No,-,No,-,No,-,Yes,-,Yes,-,No,-,-,-,Skip,-,Yes,-,Yes,-,No,-,No,-,No,-
12/8/2015,No,-,Yes,-,No,4.5,No,-,Yes,-,Yes,-,Skip,-,Skip,-,Yes,-,No,-,Yes,-,No,-,Yes,1,Yes,10,No,-,No,-,No,-,No,-,Yes,-,Yes,-,Yes,-,-,-,No,Couldn't finish,No,-,No,-,No,-,No,-,No,-
12/9/2015,No,-,No,-,Skip,7,Yes,-,No,-,Yes,-,Skip,-,No,-,No,-,No,-,Yes,-,No,-,No,-,Skip,7,Yes,-,Yes,-,No,-,Yes,-,Yes,-,No,-,No,-,-,-,Skip,-,Yes,-,Yes,-,No,-,No,-,Yes,-
12/10/2015,No,-,No,-,Yes,7.5,No,-,No,-,Skip,-,Skip,-,Yes,-,Yes,-,Skip,-,No,-,Yes,-,No,-,Yes,10,Yes,-,No,-,No,-,No,-,Yes,-,Yes,-,No,-,-,-,Skip,-,Yes,-,Yes,-,No,-,No,-,No,-
12/11/2015,No,-,No,-,No,6,No,-,No,-,Yes,-,No,-,No,-,No,-,No,-,Yes,-,Skip,-,Yes,3.5,Yes,12.25,No,-,No,-,No,-,Yes,-,Yes,-,Yes,-,No,-,-,-,Skip,-,Yes,-,Yes,-,No,-,No,-,Yes,-
12/12/2015,No,-,No,-,Yes,8.25,No,-,No,-,No,-,No,-,Yes,-,Yes,-,Skip,-,Skip,-,Yes,-,Yes,1,Yes,10,Yes,-,No,-,No,-,No,-,Yes,-,No,-,No,-,-,-,Skip,-,Yes,-,Yes,-,No,-,No,-,No,-
12/13/2015,No,-,No,-,No,5.5,No,-,Yes,-,Skip,-,Yes,-,Yes,-,No,-,No,-,Yes,-,Yes,-,Yes,2,No,3.5,Yes,-,Yes,-,No,-,Yes,-,Yes,-,Yes,-,No,-,-,-,Skip,-,Yes,-,Yes,-,Yes,-,No,-,Yes,-
12/14/2015,No,-,No,-,Skip,6.5,No,-,Yes,-,Yes,-,No,-,Yes,-,Yes,-,Skip,-,Yes,-,Yes,-,Yes,5,No,3,No,-,No,-,No,-,Yes,-,Yes,-,Yes,-,No,-,-,-,Skip,-,Yes,-,Yes,-,Yes,-,No,-,No,-
12/15/2015,No,-,No,-,Yes,8.5,No,-,Yes,-,No,-,No,-,Skip,-,No,-,No,-,Yes,-,Yes,-,Yes,2.5,No,6,Yes,-,No,-,Skip,-,No,-,No,-,Yes,-,No,-,-,-,Skip,-,Yes,-,Yes,-,No,-,No,-,Yes,-
12/16/2015,No,-,Yes,-,No,6,No,-,Skip,-,No,-,Yes,-,Yes,-,Yes,-,Skip,-,Skip,-,Skip,-,Yes,1,Yes,9,No,-,No,-,No,-,Yes,-,Yes,-,Yes,-,No,-,-,-,Skip,-,Yes,-,Yes,-,No,-,No,-,No,-
12/17/2015,No,-,No,-,Skip,6.75,No,-,No,-,No,-,Yes,-,Yes,-,Yes,-,Skip,-,No,-,Yes,-,No,-,No,1.5,Yes,-,No,-,No,-,No,-,Yes,-,Yes,-,No,-,-,-,Skip,-,Yes,-,No,-,No,-,Yes,10,No,-
12/18/2015,No,-,No,-,Yes,7.5,No,-,Yes,-,Skip,-,No,-,No,-,No,-,No,-,Skip,-,No,-,No,-,Yes,10,No,-,No,-,No,-,Yes,-,Yes,-,Yes,-,No,-,-,-,Skip,-,Yes,-,Yes,-,No,-,No,-,No,-
12/19/2015,No,-,No,-,No,4,No,-,Yes,-,Skip,-,No,-,No,-,No,-,No,-,Yes,-,Yes,-,No,-,No,2,Yes,-,No,-,No,-,No,-,No,-,No,-,No,-,-,-,Skip,-,No,-,No,-,No,-,Yes,7,No,-
12/20/2015,No,-,No,-,Yes,9,No,-,Yes,-,No,-,Yes,-,No,-,Yes,-,Skip,-,Skip,-,Skip,-,No,-,Skip,8,Yes,-,No,-,No,-,No,-,No,-,Yes,-,No,-,-,-,Skip,-,No,-,No,-,No,-,No,-,Yes,Carly about future
12/21/2015,No,-,No,-,Skip,6.75,No,-,Yes,-,Yes,-,Yes,-,No,-,Yes,-,Skip,-,Yes,-,Skip,-,No,-,Skip,8,Yes,-,No,-,No,-,No,-,No,-,No,-,No,-,-,-,Skip,-,No,-,No,-,No,-,No,-,Yes,W fam
12/22/2015,No,-,No,-,Yes,7.75,No,-,Yes,-,Yes,-,Yes,-,Skip,-,Yes,-,Skip,-,Skip,-,No,-,No,-,Yes,10,No,-,No,-,No,-,No,-,No,-,Yes,-,No,-,-,-,Skip,-,No,-,No,-,No,-,No,-,Yes,W carly
12/23/2015,No,-,No,-,Yes,7.75,Yes,-,Skip,-,Yes,-,Yes,-,Skip,-,Yes,-,Skip,-,Yes,-,Yes,-,No,-,Skip,7,No,-,Yes,-,No,-,No,-,No,-,Yes,-,No,-,-,-,Skip,-,Yes,-,Yes,-,No,-,Yes,6,No,-
12/24/2015,No,-,No,-,Yes,8,No,-,Skip,-,Yes,-,Yes,-,No,-,No,-,Skip,-,Yes,-,No,-,Yes,6,Yes,10,No,-,No,-,No,-,Yes,-,Yes,-,No,-,No,-,-,-,Skip,-,Yes,-,Yes,-,No,-,No,-,No,-
12/25/2015,No,-,No,-,Yes,7.75,No,-,Yes,-,Yes,-,Yes,-,No,-,No,-,No,-,Yes,-,Skip,-,No,-,No,6,Yes,-,No,-,Skip,-,No,-,Yes,-,No,-,No,-,-,-,Skip,-,Yes,-,Yes,-,No,-,No,-,No,-
12/26/2015,No,-,No,-,Yes,8,No,-,Yes,-,Yes,-,Yes,-,No,-,No,-,Yes,-,Yes,-,No,-,No,-,Yes,10.5,Yes,-,Yes,-,No,-,Yes,-,Yes,-,No,-,No,-,-,-,Skip,-,No,-,No,-,No,-,No,-,No,-
12/27/2015,No,-,No,-,Skip,7,Yes,-,Yes,-,No,-,Yes,-,No,-,No,-,Skip,-,Yes,-,Skip,-,No,-,No,-,Yes,-,No,-,Yes,-,No,-,Yes,-,No,-,No,-,-,-,Skip,-,Yes,-,Yes,-,No,-,No,-,Yes,Pru all day
12/28/2015,No,-,No,-,Yes,8,No,-,Yes,-,Yes,-,Skip,-,Skip,-,Yes,-,No,-,Yes,-,Yes,-,Yes,2,Yes,9,Yes,-,Yes,-,No,-,No,-,Yes,-,No,-,No,-,-,-,Skip,-,Yes,-,Yes,-,No,-,No,-,No,-
12/29/2015,No,-,No,-,Yes,8.5,No,-,Yes,-,No,-,Yes,-,No,-,No,-,Skip,-,Skip,-,No,-,Yes,8,Yes,10.5,No,-,Yes,-,Yes,-,No,-,Yes,-,No,-,No,-,-,-,Skip,-,No,-,No,-,No,-,No,-,No,-
12/30/2015,No,-,No,-,Skip,7,No,-,Yes,-,Yes,-,No,-,Skip,-,No,-,No,-,No,-,Yes,-,Yes,26,No,0,No,-,No,-,No,-,No,-,Yes,-,No,-,No,-,-,-,Skip,-,Yes,-,Yes,-,No,-,No,-,No,-
12/31/2015,Yes,-,Yes,-,Skip,7,No,-,Yes,-,Yes,-,Yes,-,No,-,Yes,-,No,-,Skip,-,No,-,Yes,4,Yes,9,No,-,No,-,Yes,-,No,-,Yes,-,No,-,No,-,-,-,Skip,-,No,-,No,-,No,-,No,-,Yes,Pru drunk
1/1/2016,No,-,No,-,No,6,Yes,-,Yes,-,Yes,-,Yes,-,Skip,-,Yes,-,Yes,-,Skip,-,Yes,-,No,-,No,5.5,No,-,No,-,Skip,-,No,-,Yes,-,No,-,No,-,-,-,Skip,-,Yes,-,Yes,-,No,-,No,-,No,-
1/2/2016,No,-,Yes,-,Skip,6.75,No,-,Skip,-,Yes,-,Skip,-,No,-,No,-,Skip,-,Yes,-,No,-,No,-,Yes,14,Yes,-,No,-,Skip,-,Yes,-,Yes,-,No,-,No,-,-,-,Skip,-,No,-,No,-,Yes,-,Yes,2.5,Yes,Trip
1/3/2016,No,-,Yes,-,Yes,8,No,-,Yes,-,No,-,No,-,No,-,Yes,-,Skip,-,Yes,-,Yes,-,No,-,Skip,7,No,-,No,-,Yes,-,No,-,No,-,No,-,No,-,-,-,Skip,-,Yes,-,Yes,-,No,-,No,-,No,-
1/4/2016,No,-,Yes,-,Yes,9,No,-,Yes,-,No,-,Yes,-,No,-,No,-,No,-,Yes,-,Yes,-,Yes,10,No,0,No,-,No,-,Yes,-,No,-,Yes,-,No,-,No,-,-,-,Skip,-,No,-,No,-,No,-,No,-,No,-
1/5/2016,No,-,No,-,Yes,8,Yes,-,Yes,-,Yes,-,Yes,-,No,-,No,-,No,-,Skip,-,No,-,No,-,No,0,No,-,No,-,Skip,-,No,-,Yes,-,No,-,No,-,-,-,Skip,-,No,-,No,-,No,-,Yes,2.5,No,-
1/6/2016,No,-,No,-,Yes,7.75,Yes,-,Yes,-,Yes,-,Skip,-,No,-,No,-,No,-,Yes,-,Yes,-,No,-,No,0,No,-,No,-,Skip,-,No,-,Yes,-,No,-,No,-,-,-,Skip,-,Yes,-,Yes,-,No,-,Yes,2,Yes,Mia
1/7/2016,No,-,No,-,Yes,8.5,No,-,No,-,Yes,-,No,-,No,-,No,-,Yes,-,Yes,-,Yes,-,No,-,Yes,10,No,-,No,-,Skip,-,No,-,Yes,-,No,-,No,-,-,-,Skip,-,Yes,-,Yes,-,No,-,No,-,No,-
1/8/2016,No,-,No,-,Skip,7.5,Yes,-,No,-,Yes,-,Yes,-,No,-,No,-,Yes,-,Yes,-,No,-,No,-,Skip,6.5,No,-,Yes,-,Yes,-,No,-,Yes,-,No,-,Skip,Super weird but hot almost-sex w pru,-,-,Yes,-,No,-,No,-,No,-,No,-,Yes,Pru
1/9/2016,No,-,No,-,No,5.5,Yes,-,No,-,Yes,-,Yes,-,No,-,No,-,Skip,-,No,-,Skip,-,No,-,Skip,8,Yes,-,No,-,Yes,-,No,-,Yes,-,No,-,No,-,-,-,Skip,-,No,-,No,-,No,-,Yes,1.5,Yes,Russ pru krub
1/10/2016,No,-,Yes,-,No,6.5,Yes,-,Yes,-,Yes,-,Yes,-,No,-,Yes,-,No,-,Yes,-,Yes,-,No,-,Skip,6.5,No,-,No,-,Yes,-,No,-,Yes,-,Yes,-,No,-,-,-,Skip,-,Yes,-,Yes,-,No,-,Yes,2,Yes,Russ n caleb
1/11/2016,No,-,No,-,Yes,8,No,-,Yes,-,Yes,-,Yes,-,No,-,Yes,-,Skip,-,Yes,-,Yes,-,Yes,5,Yes,11,No,-,No,-,Yes,-,No,-,No,-,Yes,-,No,-,-,-,Skip,-,Yes,-,Yes,-,No,-,No,-,No,-
1/12/2016,No,-,No,-,No,5.5,Yes,-,No,-,Yes,-,No,-,No,-,No,-,Skip,-,Yes,-,Yes,-,No,-,No,3.5,Yes,-,No,-,Yes,-,No,-,Yes,-,No,-,No,-,-,-,Skip,-,Yes,-,Yes,-,No,-,Yes,9,No,-
1/13/2016,No,-,Yes,-,No,6.5,No,-,Yes,-,Yes,-,No,-,Yes,-,Yes,-,Skip,-,Skip,-,No,-,No,-,Skip,8,No,-,No,-,No,-,No,-,Yes,-,Yes,-,No,-,-,-,Skip,-,No,-,No,-,Yes,-,No,-,No,-
1/14/2016,No,-,Yes,-,Skip,7,No,-,Yes,-,No,-,Skip,-,Yes,-,No,-,No,-,Yes,-,Yes,-,Yes,1,Yes,10,Yes,-,No,-,No,-,Yes,-,Yes,-,Yes,-,No,-,-,-,Skip,-,Yes,-,Yes,-,No,-,No,-,Yes,Bigley Evan Caroline and a lil Sean
1/15/2016,No,-,No,-,No,6,No,-,Yes,-,Skip,-,Skip,-,Yes,-,Yes,-,Skip,-,Yes,-,No,-,Yes,2.5,Yes,9,No,-,No,-,No,-,Yes,-,Yes,-,Yes,-,No,-,-,-,Skip,-,No,-,No,-,No,-,No,-,Yes,-
1/16/2016,No,-,No,-,Skip,7.5,Yes,-,Skip,-,Yes,-,Skip,-,No,-,No,-,Skip,-,Skip,-,No,-,Yes,1,Yes,9.5,No,-,No,-,No,-,No,-,Yes,-,No,-,No,-,-,-,Skip,-,No,-,No,-,No,-,No,-,No,-
1/17/2016,No,-,No,-,No,6.5,No,-,Yes,-,Yes,-,No,-,No,-,No,-,No,-,Yes,-,No,-,Yes,5,Yes,13,No,-,No,-,No,-,Yes,-,Yes,-,Yes,-,No,-,-,-,Skip,-,No,-,No,-,No,-,No,-,No,-
1/18/2016,No,-,Yes,-,Skip,6.75,No,-,Yes,-,No,-,No,-,Skip,-,No,-,No,-,Yes,-,Yes,-,Yes,5,Skip,8,No,-,No,-,No,-,Yes,-,Yes,-,No,-,No,-,-,-,Skip,-,Yes,-,Yes,-,No,-,No,-,No,-
1/19/2016,No,-,No,-,No,6.5,No,-,Yes,-,Yes,-,No,-,Skip,-,Yes,-,Skip,-,Skip,-,No,-,No,-,Skip,8.5,No,-,Yes,-,No,-,No,-,Yes,-,No,-,No,-,-,-,Skip,-,Yes,-,Yes,-,No,-,No,-,No,-
1/20/2016,No,-,Yes,-,Yes,8.5,No,-,Yes,-,No,-,Yes,-,Yes,-,Yes,-,No,-,Yes,-,No,-,Yes,.5,Skip,6,No,-,No,-,No,-,Yes,-,Yes,-,Yes,-,No,-,-,-,Skip,-,No,-,No,-,No,-,No,-,No,-
1/21/2016,No,-,No,-,No,5.5,Yes,-,Yes,-,Skip,-,Yes,-,Yes,-,Yes,-,Yes,-,Skip,-,No,-,No,-,Skip,8,No,-,Yes,-,No,-,Yes,-,Yes,-,Yes,-,No,-,-,-,Skip,-,No,-,No,-,No,-,Yes,5,No,-
1/22/2016,Yes,-,No,-,No,3.75,Yes,-,No,-,Yes,-,Yes,-,Yes,-,Yes,-,Yes,-,No,-,No,-,No,-,No,0,No,-,No,-,No,-,No,-,Yes,-,Yes,-,No,-,-,-,Skip,-,No,-,No,-,No,-,No,-,No,-
1/23/2016,No,-,No,-,Yes,7,Yes,-,Yes,-,Yes,-,Yes,-,No,-,No,-,No,-,Skip,-,Skip,-,No,-,Yes,8,No,-,No,-,Skip,-,Yes,-,Yes,-,No,-,No,-,-,-,Skip,-,Yes,-,Yes,-,No,-,No,-,No,-
1/24/2016,No,-,No,-,Yes,8,Yes,-,No,-,Yes,-,No,-,Skip,-,Yes,-,Yes,-,Yes,-,Yes,-,No,-,Yes,11,No,-,Yes,-,No,-,No,-,Yes,-,Yes,-,No,-,-,-,Skip,-,Yes,-,Yes,-,No,-,No,-,No,-
1/25/2016,No,-,Yes,-,No,6,No,-,Yes,-,No,-,No,-,Yes,-,Yes,-,No,-,Skip,-,Yes,-,No,-,Yes,9,No,-,No,-,No,-,No,-,Yes,-,Yes,-,No,-,-,-,Skip,-,No,-,No,-,No,-,No,-,No,-
1/26/2016,No,-,Yes,-,Skip,7,No,-,No,-,No,-,Yes,-,Yes,-,Yes,-,No,-,Skip,-,Yes,-,No,-,No,3,Yes,-,No,-,No,-,No,-,Yes,-,Yes,-,No,-,-,-,Skip,-,Yes,-,Yes,-,No,-,No,-,Yes,W Evan about Sean and then fraternities and selling out
1/27/2016,No,-,Yes,-,No,3,Yes,-,Yes,-,No,-,Skip,-,No,-,No,-,No,-,Yes,-,Yes,-,Yes,1,No,0,No,-,No,-,No,-,Yes,-,Yes,-,No,-,No,-,-,-,Skip,-,Yes,-,Yes,-,Yes,-,No,-,No,-
1/28/2016,No,-,Yes,-,Yes,7.5,Yes,-,Yes,-,No,-,Yes,-,Skip,-,No,-,Skip,-,Yes,-,No,-,No,-,Skip,6,Yes,-,No,-,No,-,No,-,Yes,-,Yes,-,No,-,-,-,Skip,-,No,-,No,-,No,-,No,-,No,-
1/29/2016,No,-,Yes,-,Skip,6.75,No,-,Yes,-,Skip,-,Skip,-,No,-,No,-,Skip,-,Yes,-,Yes,-,No,-,Yes,11,No,-,No,-,No,-,No,-,Yes,-,No,-,No,-,-,-,Skip,-,Yes,-,Yes,-,No,-,No,-,Yes,W jono
1/30/2016,No,-,No,-,Yes,9.5,No,-,Yes,-,Yes,-,Skip,-,Skip,-,No,-,Skip,-,Yes,-,No,-,No,-,Skip,8,No,-,No,-,No,-,Yes,-,Yes,-,No,-,No,-,-,-,Skip,-,No,-,No,-,No,-,No,-,No,-
1/31/2016,No,-,No,-,Yes,8,No,-,Yes,-,Yes,-,Skip,-,Skip,-,No,-,No,-,Yes,-,Yes,-,Yes,10,Yes,9,Yes,-,Yes,-,No,-,No,-,Yes,-,No,-,No,-,-,-,Skip,-,Yes,-,Yes,-,No,-,No,-,Yes,W ev
2/1/2016,No,-,Yes,-,Skip,7,No,-,No,-,No,-,Skip,-,Yes,-,Yes,-,No,-,No,-,Yes,-,Yes,2,Skip,7,Yes,-,No,-,No,-,No,-,Yes,-,Yes,-,No,-,-,-,Skip,-,Yes,-,Yes,-,No,-,No,-,No,-
2/2/2016,No,-,Yes,-,No,6,No,-,Skip,-,Yes,-,Yes,-,Yes,-,Yes,-,Skip,-,No,-,Yes,-,Yes,2,No,1.5,No,-,No,-,No,-,No,-,Yes,-,Yes,-,No,-,-,-,Skip,-,Yes,-,Yes,-,No,-,No,-,Yes,W Evan
2/3/2016,No,-,No,-,Skip,6.5,No,-,Yes,-,Yes,-,Skip,-,Yes,-,Yes,-,Skip,-,Skip,-,Yes,-,Yes,2,Skip,7,Yes,-,Yes,-,No,-,No,-,Yes,-,Yes,-,No,-,-,-,Skip,-,No,-,No,-,Yes,-,No,-,No,-
2/4/2016,No,-,Yes,-,Yes,8.25,No,-,No,-,Skip,-,Yes,-,Yes,-,Yes,-,No,-,Skip,-,Yes,-,No,-,Yes,9,No,-,No,-,No,-,Yes,-,Yes,-,Yes,-,No,-,-,-,Skip,-,Yes,-,Yes,-,No,-,No,-,No,-
2/5/2016,No,-,Yes,-,No,6.25,No,-,Yes,-,Yes,-,Skip,-,Skip,-,Skip,-,Skip,-,Yes,-,No,-,Yes,1,No,6,Yes,-,No,-,No,-,No,-,Yes,-,No,-,No,-,-,-,Skip,-,No,-,No,-,No,-,No,-,No,-
2/6/2016,No,-,No,-,Yes,11,No,-,No,-,Skip,-,Yes,-,Skip,-,Skip,-,Skip,-,Yes,-,Yes,-,No,-,Yes,11,Yes,-,No,-,No,-,Yes,-,Yes,-,No,-,No,-,-,-,Skip,-,No,-,No,-,No,-,No,-,Yes,Bigley' bigley's Michigan friend' Evan about video games' jobs' majors' being teachers' teach for America' etc.
2/7/2016,No,-,Yes,-,No,6,No,-,No,-,Yes,-,Yes,-,Yes,-,Yes,-,No,-,Skip,-,Skip,-,No,-,Skip,7,No,-,Yes,-,No,-,No,-,Yes,-,Yes,-,No,-,-,-,Skip,-,No,-,No,-,No,-,No,-,Yes,Evan and Kyle
2/8/2016,No,-,Yes,-,No,5,No,-,No,-,Yes,-,Yes,-,Yes,-,Skip,-,Skip,-,Skip,-,Yes,-,Yes,2,Yes,10,No,-,No,-,No,-,No,-,Yes,-,Yes,-,No,-,-,-,Skip,-,Yes,-,Yes,-,No,-,No,-,Yes,W evan
2/9/2016,No,-,Yes,-,No,4.25,No,-,No,-,Yes,-,Skip,-,Yes,-,Yes,-,No,-,No,-,Yes,-,No,-,Skip,8,Skip,-,Yes,-,No,-,No,-,Yes,-,Yes,-,No,-,-,-,Skip,-,Yes,-,Yes,-,No,-,No,-,No,-
2/10/2016,No,-,No,-,No,6,No,-,Skip,-,Yes,-,Skip,-,Yes,-,Yes,-,No,-,Skip,-,Yes,-,No,-,Skip,8,Yes,-,No,-,No,-,No,-,Yes,-,Yes,-,No,-,-,-,Skip,-,Yes,-,Yes,-,No,-,No,-,Yes,-
2/11/2016,No,-,Yes,-,No,-,No,-,Yes,-,Skip,-,Yes,-,Skip,-,Yes,-,No,-,Skip,-,Yes,-,Yes,7,No,4,Yes,-,No,-,No,-,Yes,-,Yes,-,Yes,-,No,-,-,-,Skip,-,No,-,No,-,No,-,No,-,No,-
2/12/2016,No,-,No,-,Skip,7,No,-,Yes,-,Yes,-,Yes,-,Yes,-,Yes,-,Skip,-,Yes,-,Skip,-,No,-,Skip,8,No,-,No,-,No,-,Yes,-,Yes,-,Yes,-,No,-,-,-,Skip,-,Yes,-,Yes,-,No,-,No,-,No,-
2/13/2016,No,-,No,-,Yes,10.5,No,-,No,-,Yes,-,Yes,-,No,-,No,-,Skip,-,Skip,-,No,-,No,-,Skip,8,No,-,No,-,No,-,Yes,-,Yes,-,Yes,-,No,-,-,-,Skip,-,No,-,No,-,No,-,No,-,Yes,"Trip w Evan Lotta stuff"
2/14/2016,No,-,Yes,-,No,3,No,-,Yes,-,Yes,-,No,-,Yes,-,Skip,-,Skip,-,Yes,-,Yes,-,No,-,No,3,Yes,-,No,-,No,-,No,-,Yes,-,Yes,-,No,-,-,-,Skip,-,Yes,-,Yes,-,No,-,No,-,No,-
2/15/2016,No,-,Yes,-,Yes,7.75,No,-,Skip,-,Skip,-,Skip,-,Yes,-,Skip,-,No,-,No,-,Yes,-,No,-,Skip,8,No,-,Yes,-,No,-,No,-,Yes,-,Yes,-,No,-,-,-,Skip,-,Yes,-,Yes,-,No,-,No,-,No,-
2/16/2016,No,-,Yes,-,No,6.5,No,-,No,-,Yes,-,Yes,-,Yes,-,Yes,-,Skip,-,No,-,Yes,-,No,-,Yes,9,No,-,No,-,No,-,No,-,Yes,-,Yes,-,No,-,-,-,Skip,-,Yes,-,Yes,-,Skip,-,No,-,Yes,Rosie and Caroline about religion
2/17/2016,No,-,Yes,-,Skip,7,No,-,No,-,Yes,-,Skip,-,Skip,-,No,-,Skip,-,Yes,-,Yes,-,No,-,Yes,11,No,-,No,-,No,-,No,-,Yes,-,Yes,-,No,-,-,-,Skip,-,Yes,-,Yes,-,No,-,No,-,No,-
2/18/2016,No,-,Yes,-,Skip,7,No,-,Skip,-,No,-,Yes,-,Yes,-,Yes,-,Skip,-,Skip,-,Yes,-,No,-,Yes,9,No,-,Yes,-,No,-,Yes,-,Yes,-,Yes,-,No,-,-,-,Skip,-,Yes,-,Yes,-,No,-,No,-,No,-
2/19/2016,No,-,Yes,-,Skip,7,No,-,Yes,-,Yes,-,-,-,Skip,-,No,-,Skip,-,Yes,-,Yes,-,No,-,Yes,10.5,No,-,No,-,No,-,Yes,-,Yes,-,Yes,-,No,-,-,-,Skip,-,No,-,No,-,No,-,No,-,No,-
2/20/2016,No,-,Yes,-,No,6.5,No,-,Yes,-,Yes,-,Yes,-,Skip,-,No,-,No,-,Yes,-,No,-,No,-,No,0,No,-,No,-,No,-,Yes,-,Yes,-,No,-,No,-,-,-,Skip,-,Yes,-,Yes,-,No,-,No,-,Yes,-
2/21/2016,No,-,No,-,Skip,7,No,-,No,-,No,-,Yes,-,Yes,-,Skip,-,Skip,-,Yes,-,Yes,-,No,-,Yes,13,Yes,-,No,-,No,-,No,-,Yes,-,Yes,-,No,-,-,-,Skip,-,Yes,-,Yes,-,No,-,No,-,Yes,Evan and Caroline about tons of stuff. Stayed up til 6am with Evan and discussed relationships' relative morality and read sections of our journals
2/22/2016,No,-,Yes,-,No,5,No,-,Yes,-,Yes,-,Yes,-,Yes,-,No,-,No,-,Yes,-,Yes,-,No,-,Skip,8,No,-,No,-,No,-,Yes,-,Yes,-,Yes,-,No,-,-,-,Skip,-,Yes,-,Yes,-,No,-,No,-,No,-
2/23/2016,No,-,Yes,-,No,6,No,-,Yes,-,Skip,-,No,-,Yes,-,Yes,-,No,-,No,-,Yes,-,No,-,Skip,6.5,No,-,Yes,-,No,-,No,-,Yes,-,Yes,-,No,-,-,-,Skip,-,Yes,-,Yes,-,No,-,No,-,No,-
2/24/2016,No,-,Yes,-,Skip,6.75,No,-,Yes,-,Yes,-,Yes,-,Yes,-,Yes,-,Yes,-,Skip,-,Yes,-,Yes,1,No,5.75,Yes,-,Yes,-,No,-,No,-,Yes,-,Yes,-,No,-,-,-,Skip,-,Yes,-,Yes,-,No,-,No,-,Skip,-
2/25/2016,No,-,Yes,-,No,5.5,No,-,Yes,-,Yes,-,No,-,Yes,-,Yes,-,Skip,-,Yes,-,Skip,-,No,-,No,0,No,-,No,-,No,-,Yes,-,Yes,-,Yes,-,No,-,-,-,Skip,-,Yes,-,Yes,-,No,-,No,-,No,-
2/26/2016,No,-,Yes,-,No,5.75,No,-,No,-,Yes,-,Yes,-,Skip,-,Yes,-,No,-,No,-,Skip,-,Yes,2 miles,No,5.5,Yes,-,No,-,Skip,-,Yes,-,Yes,-,Yes,-,No,-,-,-,Skip,-,Yes,-,Yes,-,No,-,No,-,Yes,Tighe
2/27/2016,No,-,No,-,Yes,10,No,-,Yes,-,Yes,-,Skip,-,Skip,-,No,-,Skip,-,Yes,-,Yes,-,Yes,2,Yes,10,No,-,No,-,No,-,No,-,Yes,-,No,-,No,-,-,-,Skip,-,Yes,-,Yes,-,No,-,No,-,No,-
2/28/2016,No,-,No,-,Skip,7,No,-,Yes,-,Yes,-,Yes,-,Yes,-,Yes,-,Yes,-,No,-,Yes,-,Yes,4,Yes,13,Yes,-,No,-,No,-,No,-,Yes,-,Yes,-,No,-,-,-,Skip,-,No,-,No,-,No,-,No,-,Yes,W Evan about rights' abortion' other
2/29/2016,No,-,Yes,-,No,-,No,-,Yes,-,Yes,-,Skip,-,Yes,-,No,-,Skip,-,Skip,-,Yes,-,No,-,Skip,7.5,Yes,-,No,-,Skip,-,Yes,-,Yes,-,Yes,-,No,-,-,-,Skip,-,Yes,-,No,-,No,-,No,-,No,-
3/1/2016,No,-,Yes,-,No,5,No,-,Yes,-,Yes,-,Yes,-,Yes,-,Yes,-,Skip,-,No,-,Yes,-,No,-,Yes,14,No,-,Yes,-,Skip,-,Yes,-,Yes,-,Yes,-,No,-,-,-,Skip,-,No,-,No,-,No,-,No,-,Yes,-
3/2/2016,No,-,No,-,No,5,No,-,Yes,-,Yes,-,Skip,-,Yes,-,Yes,-,Yes,-,No,-,Yes,-,No,-,No,0,Skip,-,No,-,No,-,Yes,-,Yes,-,Yes,-,No,-,-,-,Skip,-,Yes,-,No,-,No,-,No,-,No,-
3/3/2016,No,-,Yes,-,Skip,7,No,-,No,-,Skip,-,Yes,-,Yes,-,Yes,-,Skip,-,Skip,-,No,-,No,-,Skip,8,No,-,Yes,-,No,-,No,-,Yes,-,Yes,-,No,-,-,-,Skip,-,Yes,-,No,-,Yes,-,No,-,Yes,-
3/4/2016,No,-,Yes,-,No,-,No,-,Yes,-,Yes,-,Yes,-,Yes,-,Yes,-,Skip,-,No,-,No,-,No,-,No,0,No,-,No,-,No,-,Yes,-,Yes,-,Yes,-,No,-,-,-,Skip,-,No,-,No,-,No,-,Yes,9,Yes,8 hour bus ride w evan
3/5/2016,No,-,Yes,-,Yes,7.5,No,-,Yes,-,Yes,-,Skip,-,No,-,No,-,Skip,-,Yes,-,No,-,No,-,No,0,No,-,No,-,Yes,-,Yes,-,Yes,-,No,-,No,-,-,-,Skip,-,No,-,No,-,No,-,No,-,Yes,Talked with pru about a lotta stuff
3/6/2016,No,-,Yes,-,No,5.5,No,-,Yes,-,Yes,-,Skip,-,Skip,-,Yes,-,Yes,-,Skip,-,Yes,-,No,-,No,3.5,Yes,-,No,-,No,-,No,-,Yes,-,Yes,-,No,-,-,-,Skip,-,No,-,No,-,No,-,Yes,6,No,-
3/7/2016,No,-,No,-,Yes,9.5,No,-,No,-,Yes,-,Yes,-,Skip,-,Yes,-,Skip,-,Skip,-,Skip,-,No,-,No,3,No,-,Yes,-,No,-,No,-,Yes,-,No,-,No,-,-,-,Skip,-,Yes,-,Yes,-,Skip,-,Yes,3.5,No,-
3/8/2016,No,-,No,-,No,3.5,No,-,Yes,-,Yes,-,Yes,-,No,-,No,-,Yes,-,Yes,-,Yes,-,No,-,No,5 (backpacking),No,-,No,-,No,-,Yes,-,Yes,-,No,-,No,-,-,-,Skip,-,No,-,No,-,No,-,Yes,5.5,Yes,-
3/9/2016,No,-,No,-,Yes,10,No,-,Skip,-,Yes,-,Yes,-,No,-,No,-,Yes,-,Yes,-,Yes,-,No,-,No,5 (backpacking),No,-,No,-,No,-,Yes,-,Yes,-,No,-,No,-,-,-,Skip,-,No,-,No,-,Skip,-,No,-,Yes,Trip w Evan and krish
3/10/2016,No,-,No,-,Yes,7.5,No,-,Yes,-,Yes,-,Skip,-,No,-,No,-,No,-,Yes,-,Yes,-,No,-,No,5 (backpacking),No,-,No,-,No,-,No,-,Yes,-,No,-,No,-,-,-,Skip,-,Yes,-,Yes,-,Skip,-,Yes,7,No,-
3/11/2016,No,-,No,-,Yes,7.5,No,-,Yes,-,Yes,-,Yes,-,Skip,-,Yes,-,Yes,-,Yes,-,Yes,-,Yes,6,Skip,8,Yes,-,Yes,-,No,-,No,-,No,-,Yes,-,No,-,-,-,Skip,-,Yes,-,Yes,-,No,-,No,-,No,-
3/12/2016,No,-,No,-,Yes,9,No,-,Yes,-,Yes,-,Yes,-,No,-,No,-,No,-,Yes,-,No,-,No,-,Skip,8,No,-,No,-,No,-,No,-,Yes,-,No,-,No,-,-,-,Skip,-,Yes,-,No,-,No,-,No,-,Yes,Talked w Caroline all day
3/13/2016,No,-,No,-,No,6,No,-,Yes,-,No,-,Yes,-,Skip,-,Yes,-,Yes,-,Skip,-,Yes,-,No,-,Yes,14,Yes,-,No,-,Skip,-,No,-,Yes,-,Yes,-,No,-,-,-,Skip,-,Yes,-,Yes,-,No,-,No,-,No,-
3/14/2016,No,-,No,-,Skip,6.75,No,-,Yes,-,Yes,-,Skip,-,Yes,-,Skip,-,Skip,-,Skip,-,Yes,-,No,-,Skip,8,Yes,-,No,-,No,-,No,-,Yes,-,Yes,-,No,-,-,-,Skip,-,Yes,-,Yes,-,No,-,No,-,No,-
3/15/2016,No,-,No,-,Skip,6.75,No,-,Yes,-,Skip,-,Skip,-,Yes,-,No,-,No,-,No,-,Yes,-,Yes,1,Skip,6.5,Yes,-,Yes,-,No,-,No,-,Yes,-,Yes,-,No,-,-,-,Skip,-,Yes,-,Yes,-,No,-,No,-,Yes,Stayed up v late chatting w caroline
3/16/2016,No,-,Yes,-,No,4.25,No,-,Yes,-,Skip,-,Yes,-,Yes,-,Yes,-,Skip,-,Yes,-,Yes,-,No,-,Yes,10,Yes,-,No,-,No,-,No,-,Yes,-,Yes,-,No,-,-,-,Skip,-,Yes,-,Yes,-,No,-,No,-,No,-
3/17/2016,No,-,Yes,-,Yes,7.75,No,-,Yes,-,Yes,-,Yes,-,Yes,-,Yes,-,Skip,-,No,-,No,-,Yes,2.5,Skip,8,No,-,Yes,-,No,-,No,-,Yes,-,Yes,-,No,-,-,-,Skip,-,No,-,No,-,No,-,No,-,No,-
3/18/2016,No,-,Yes,-,No,6.25,No,-,Yes,-,Yes,-,Skip,-,No,-,No,-,No,-,Yes,-,No,-,No,-,No,6,No,-,No,-,No,-,Skip,-,Yes,-,No,-,No,-,-,-,Skip,-,No,-,No,-,No,-,No,-,No,-
3/19/2016,No,-,Yes,-,No,6.25,No,-,Yes,-,Yes,-,Yes,-,No,-,No,-,Yes,-,Yes,-,No,-,No,-,No,4,No,-,No,-,No,-,Yes,-,Yes,-,No,-,No,-,-,-,Skip,-,No,-,No,-,No,-,No,-,No,-
3/20/2016,No,-,No,-,Skip,7.25,No,-,Yes,-,Skip,-,Yes,-,Yes,-,No,-,Yes,-,Skip,-,Yes,-,No,-,Skip,6,Yes,-,No,-,No,-,No,-,Yes,-,Yes,-,No,-,-,-,Skip,-,Yes,-,Yes,-,No,-,No,-,Yes,Planning writing w jono
3/21/2016,No,-,Yes,-,Skip,6.75,No,-,Yes,-,Yes,-,No,-,No,-,No,-,No,-,Skip,-,Yes,-,No,-,Yes,10,Yes,-,No,-,No,-,No,-,Yes,-,Yes,-,No,-,-,-,Skip,-,Yes,-,Yes,-,No,-,No,-,Yes,Supa late w Evan. started will
3/22/2016,No,-,Yes,-,No,4.25,No,-,No,-,No,-,Skip,-,Skip,-,No,-,No,-,Skip,-,Yes,-,No,-,Skip,8,No,-,Yes,-,No,-,No,-,Yes,-,Yes,-,No,-,-,-,Skip,-,Yes,-,Yes,-,Skip,-,No,-,No,-
3/23/2016,No,-,Yes,-,Yes,8,No,-,No,-,No,-,No,-,Skip,-,No,-,Skip,-,No,-,Skip,-,Yes,2,Yes,10.5,No,-,No,-,No,-,Yes,-,Yes,-,Yes,-,No,-,-,-,Skip,-,Yes,-,Yes,-,No,-,No,-,No,-
3/24/2016,No,-,No,-,Skip,7,No,-,Yes,-,Yes,-,Skip,-,No,-,No,-,Skip,-,No,-,No,-,Yes,2,Skip,8.5,Yes,-,No,-,No,-,No,-,Yes,-,No,-,No,-,-,-,Skip,-,No,-,No,-,No,-,No,-,No,-
3/25/2016,No,-,No,-,Yes,7.5,Yes,-,Yes,-,Yes,-,Yes,-,Skip,-,Yes,-,No,-,Skip,-,No,-,No,-,Skip,8,No,-,Yes,-,No,-,Yes,-,Yes,-,Yes,-,No,-,-,-,Skip,-,Yes,-,Yes,-,No,-,No,-,No,-
3/26/2016,No,-,No,-,Skip,7,No,-,Yes,-,Yes,-,No,-,No,-,No,-,Yes,-,Yes,-,No,-,Yes,2,Skip,8.5,No,-,No,-,No,-,Yes,-,Yes,-,Yes,-,No,-,-,-,Skip,-,Yes,-,Yes,-,No,-,No,-,Yes,Huge drop day with Bigley Evan Evans bro Boyd ross
3/27/2016,No,-,No,-,No,6.5,No,-,Yes,-,No,-,Yes,-,Yes,-,Yes,-,Skip,-,Yes,-,Yes,-,Yes,3,Yes,17,No,-,No,-,No,-,No,-,No,-,Yes,-,No,-,-,-,Skip,-,Yes,-,Yes,-,No,-,No,-,No,-
3/28/2016,No,-,Yes,-,Skip,7,No,-,Yes,-,Yes,-,Yes,-,Yes,-,Yes,-,No,-,Yes,-,Yes,-,Yes,13,No,0.5,No,-,No,-,No,-,No,-,Yes,-,Yes,-,No,-,-,-,Skip,-,Yes,-,Yes,-,No,-,No,-,No,-
3/29/2016,No,-,Yes,-,No,6.5,No,-,Yes,-,Skip,-,Yes,-,Yes,-,Yes,-,No,-,Skip,-,Yes,-,Yes,2,No,6,No,-,Yes,-,No,-,No,-,Yes,-,Yes,-,No,-,-,-,Skip,-,Yes,-,Yes,-,No,-,No,-,No,-
3/30/2016,No,-,Yes,-,Skip,7,No,-,Yes,-,Yes,-,Skip,-,Yes,-,No,-,No,-,Skip,-,No,-,Yes,2,No,2,Yes,-,No,-,No,-,No,-,Yes,-,Yes,-,No,-,-,-,Skip,-,No,-,No,-,Yes,-,No,-,No,-
3/31/2016,Yes,-,No,-,No,6.5,No,-,Yes,-,No,-,Yes,-,No,-,No,-,Skip,-,Yes,-,No,-,No,-,Yes,9.5,Yes,-,No,-,Skip,-,No,-,Yes,-,Yes,-,No,-,-,-,Skip,-,No,-,No,-,Yes,-,No,-,No,-
4/1/2016,No,-,Yes,-,Skip,7,No,-,No,-,No,-,Skip,-,No,-,No,-,Skip,-,Yes,-,No,-,Yes,3,No,3.5,No,-,No,-,No,-,Yes,-,Yes,-,Yes,-,No,-,-,-,Skip,-,Yes,-,Yes,-,No,-,No,-,No,-
4/2/2016,No,-,No,-,No,5.75,No,-,No,-,Yes,-,No,-,Skip,-,No,-,Skip,-,Yes,-,Yes,-,Yes,3,Skip,7,No,-,No,-,No,-,No,-,Yes,-,Yes,-,No,-,-,-,Skip,-,Yes,-,Yes,-,No,-,No,-,Yes,W evan
4/3/2016,No,-,No,-,No,5,No,-,Yes,-,No,-,No,-,Yes,-,Yes,-,Skip,-,Skip,-,Yes,-,Yes,2,Yes,9.5,No,-,Yes,-,No,-,No,-,Yes,-,Yes,-,No,-,-,-,Skip,-,Yes,-,No,-,Yes,-,No,-,Yes,PC debated pledging n stuff and future of fraternity
4/4/2016,No,-,No,-,Skip,6.75,No,-,Yes,-,Yes,-,Skip,-,Yes,-,Yes,-,No,-,Skip,-,Yes,-,Yes,1,No,3,Yes,-,No,-,No,-,No,-,Yes,-,Yes,-,No,-,-,-,Skip,-,Yes,-,Yes,-,No,-,No,-,Yes,PC debated pledging n stuff
4/5/2016,No,-,Yes,-,No,5.5,No,-,Yes,-,Yes,-,No,-,Yes,-,Yes,-,No,-,No,-,Yes,-,Yes,4,Yes,8,No,-,No,-,No,-,Yes,-,Yes,-,Yes,-,No,-,-,-,Skip,-,Yes,-,Yes,-,Yes,-,No,-,No,-
4/6/2016,No,-,No,-,Yes,9.5,No,-,Yes,-,No,-,Skip,-,Skip,-,Yes,-,Skip,-,Skip,-,Yes,-,Yes,2,Yes,10,No,-,No,-,No,-,Yes,-,Yes,-,Yes,-,No,-,-,-,Skip,-,Yes,-,Yes,-,Yes,-,No,-,No,-
4/7/2016,No,-,No,-,Yes,7.75,No,-,Yes,-,Yes,-,Skip,-,No,-,No,-,No,-,Yes,-,Skip,-,Yes,3,Skip,8,No,-,No,-,No,-,No,-,Yes,-,No,-,No,-,-,-,Skip,-,No,-,No,-,No,-,Yes,2.5,No,-
4/8/2016,No,-,No,-,Yes,7.5,No,-,Yes,-,Yes,-,Skip,-,No,-,No,-,No,-,Yes,-,No,-,No,-,No,4,Yes,-,No,-,No,-,No,-,Yes,-,No,-,No,-,-,-,Skip,-,No,-,No,-,Yes,-,No,-,No,-
4/9/2016,No,-,No,-,Skip,7,No,-,No,-,Yes,-,Yes,-,No,-,No,-,Skip,-,Yes,-,Yes,-,No,-,No,4,No,-,No,-,Skip,-,No,-,No,-,Yes,-,No,-,-,-,Skip,-,Yes,-,Yes,-,No,-,Yes,4,No,-
4/10/2016,No,-,No,-,Yes,6.75,No,-,Yes,-,Yes,-,Skip,-,Skip,-,No,-,Skip,-,No,-,Yes,-,Yes,6,Yes,14,Yes,-,Yes,-,No,-,No,-,Yes,-,No,-,No,-,-,-,Skip,-,Yes,-,Yes,-,No,-,No,-,No,-
4/11/2016,No,-,No,-,Skip,7,No,-,Yes,-,Yes,-,No,-,Yes,-,Yes,-,No,-,Skip,-,Yes,-,Yes,3,No,4.25,No,-,No,-,No,-,No,-,Yes,-,Yes,-,No,-,-,-,Skip,-,Yes,-,Yes,-,No,-,No,-,Yes,"W Evan about why were here and what the whole point is. ""Don't have to like everybody but try to love them"""
4/12/2016,No,-,Yes,-,No,5.75,No,-,Yes,-,No,-,No,-,Yes,-,No,-,Skip,-,No,-,Yes,-,Yes,5,No,4,Yes,-,Yes,-,No,-,No,-,Yes,-,Yes,-,No,-,-,-,Skip,-,Yes,-,Yes,-,No,-,No,-,No,-
4/13/2016,No,-,Yes,-,Skip,7,No,-,Yes,-,No,-,Yes,-,Yes,-,Yes,-,Yes,-,Yes,-,No,-,Yes,2,Skip,7,No,-,No,-,No,-,No,-,Yes,-,Yes,-,No,-,-,-,Skip,-,No,-,No,-,No,-,No,-,No,-
4/14/2016,No,-,No,-,No,6.5,No,-,No,-,Yes,-,Yes,-,Skip,-,Yes,-,No,-,Skip,-,No,-,Yes,2,Skip,8,Yes,-,No,-,No,-,No,-,Yes,-,No,-,No,-,-,-,Skip,-,No,-,No,-,No,-,No,-,No,-
4/15/2016,No,-,No,-,No,6.5,Yes,-,No,-,Yes,-,Yes,-,No,-,No,-,Skip,-,Yes,-,No,-,Yes,2,No,1.5,No,-,No,-,No,-,Yes,-,Yes,-,No,-,No,-,-,-,Skip,-,No,-,No,-,No,-,No,-,No,-
4/16/2016,No,-,No,-,No,4.5,Yes,-,No,-,Yes,-,Skip,-,No,-,No,-,Yes,-,Yes,-,No,-,No,-,No,0,No,-,No,-,No,-,No,-,Yes,-,No,-,No,-,-,-,Skip,-,No,-,No,-,Yes,-,No,-,No,-
4/17/2016,No,-,No,-,No,6,No,-,Yes,-,No,-,No,-,Skip,-,Yes,-,Yes,-,Skip,-,Yes,-,Yes,5,Yes,10,Yes,-,No,-,No,-,No,-,Yes,-,Yes,-,No,-,-,-,Skip,-,Yes,-,Yes,-,Yes,-,No,-,Yes,-
4/18/2016,No,-,Yes,-,Yes,7.75,No,-,Yes,-,Yes,-,Yes,-,Skip,-,Yes,-,Skip,-,Skip,-,Yes,-,Yes,3,Skip,7,Yes,-,No,-,No,-,No,-,Yes,-,Yes,-,No,-,-,-,Skip,-,Yes,-,Yes,-,No,-,No,-,No,-
4/19/2016,No,-,Yes,-,Yes,8,Yes,-,Yes,-,No,-,Yes,-,Yes,-,Yes,-,Skip,-,Yes,-,No,-,Yes,2,Skip,8,Yes,-,No,-,No,-,No,-,Yes,-,Yes,-,No,-,-,-,Skip,-,No,-,No,-,No,-,No,-,No,-
4/20/2016,No,-,Yes,-,Yes,8.5,No,-,Yes,-,No,-,No,-,Skip,-,No,-,Skip,-,Yes,-,Yes,-,Yes,2,Skip,8,Yes,-,No,-,No,-,Yes,-,No,-,No,-,No,-,-,-,Skip,-,Yes,-,Yes,-,No,-,No,-,No,-
4/21/2016,Yes,-,Yes,-,Yes,8.5,No,-,Yes,-,Yes,-,Yes,-,Skip,-,Yes,-,Yes,-,Skip,-,No,-,Yes,1,Skip,8,No,-,Yes,-,No,-,No,-,Yes,-,No,-,No,-,-,-,Skip,-,No,-,No,-,No,-,No,-,No,-
4/22/2016,No,-,Yes,-,Skip,7,No,-,No,-,No,-,Yes,-,Skip,-,Yes,-,Skip,-,Yes,-,Yes,-,Yes,2,No,0,No,-,No,-,No,-,Yes,-,Yes,-,Yes,-,No,-,-,-,Skip,-,Yes,-,Yes,-,No,-,No,-,Yes,Tons of chillin w evan
4/23/2016,No,-,No,-,No,5.75,No,-,No,-,Yes,-,Yes,-,Yes,-,Yes,-,Skip,-,Skip,-,Yes,-,Yes,20,No,0,No,-,No,-,No,-,No,-,Yes,-,Yes,-,No,-,-,-,Skip,-,No,-,No,-,No,-,No,-,Yes,-
4/24/2016,No,-,No,-,No,5.25,No,-,Yes,-,Skip,-,Yes,-,Yes,-,Yes,-,No,-,Skip,-,Yes,-,Yes,3,Yes,10,No,-,No,-,No,-,No,-,Yes,-,Yes,-,No,-,-,-,Skip,-,Yes,-,Yes,-,No,-,No,-,Yes,1856
4/25/2016,No,-,Yes,-,No,6,No,-,Yes,-,Skip,-,Skip,-,Yes,-,Yes,-,Skip,-,No,-,Yes,-,Yes,1.5,Yes,9,No,-,No,-,No,-,No,-,Yes,-,Yes,-,No,-,-,-,Skip,-,Yes,-,Yes,-,No,-,No,-,No,-
4/26/2016,No,-,Yes,-,Skip,7,No,-,Yes,-,Yes,-,Skip,-,Yes,-,Yes,-,No,-,No,-,Yes,-,Yes,1,Yes,9.5,Yes,-,Yes,-,No,-,No,-,Yes,-,Yes,-,No,-,-,-,Skip,-,Yes,-,Yes,-,No,-,No,-,No,-
4/27/2016,No,-,Yes,-,No,5,No,-,Yes,-,Yes,-,Skip,-,Yes,-,Yes,-,Skip,-,No,-,Yes,-,Yes,2,Yes,9,No,-,No,-,No,-,No,-,Yes,-,Yes,-,No,-,-,-,Skip,-,Yes,-,Yes,-,No,-,No,-,No,-
4/28/2016,No,-,No,-,Skip,7,Yes,-,Yes,-,Skip,-,No,-,No,-,No,-,Skip,-,Yes,-,Yes,-,Yes,2,Skip,7,No,-,No,-,No,-,No,-,Yes,-,Yes,-,No,-,-,-,Skip,-,Yes,-,Yes,-,No,-,No,-,No,-
4/29/2016,No,-,Yes,-,Yes,8,No,-,Yes,-,Yes,-,Yes,-,Skip,-,No,-,Skip,-,Skip,-,No,-,Yes,2,No,4.5,No,-,No,-,No,-,No,-,Yes,-,No,-,No,-,-,-,Skip,-,Yes,-,Yes,-,No,-,No,-,No,-
4/30/2016,No,-,No,-,Skip,7,No,-,No,-,Yes,-,Yes,-,No,-,No,-,Skip,-,No,-,Yes,-,Yes,2,No,5,Yes,-,No,-,No,-,Yes,-,Yes,-,Yes,-,No,-,-,-,Skip,-,Yes,-,Yes,-,No,-,No,-,No,-
5/1/2016,No,-,Yes,-,No,5.5,Yes,-,Yes,-,Yes,-,Yes,-,Yes,-,Skip,-,Skip,-,No,-,No,-,Yes,1,Yes,10.5,No,-,Yes,-,No,-,No,-,Yes,-,Yes,-,No,-,-,-,Skip,-,Yes,-,Yes,-,No,-,Yes,2,Yes,-
5/2/2016,No,-,Yes,-,Skip,7,Yes,-,Yes,-,Yes,-,Yes,-,Yes,-,No,-,No,-,Skip,-,Yes,-,Yes,1,No,0,No,-,No,-,Skip,-,No,-,Yes,-,Yes,-,No,-,-,-,Skip,-,No,-,No,-,No,-,No,-,No,-
5/3/2016,No,-,Yes,-,No,4.5,Yes,-,Yes,-,No,-,No,-,Yes,-,Yes,-,Skip,-,No,-,Yes,-,Yes,1,No,0,No,-,No,-,No,-,No,-,Yes,-,No,-,No,-,-,-,Skip,-,No,-,No,-,No,-,No,-,No,-
5/4/2016,No,-,Yes,-,No,5.75,No,-,Yes,-,Skip,-,Yes,-,Yes,-,Yes,-,No,-,No,-,Yes,-,No,-,No,0,No,-,No,-,No,-,Yes,-,Yes,-,No,-,No,-,-,-,Skip,-,No,-,No,-,Yes,-,No,-,No,-
5/5/2016,No,-,No,-,No,6,No,-,Yes,-,No,-,No,-,No,-,No,-,Skip,-,No,-,No,-,No,-,Skip,7,Yes,-,No,-,No,-,Yes,-,Yes,-,No,-,No,-,-,-,Skip,-,Yes,-,Yes,-,No,-,No,-,Yes,Bumped into Morgan at PENN bookstore and she said I looked sad so mentioned Dee Dee (probs just have pink eye lol) but it was a really nice 2 hour chat at starbucks
5/6/2016,No,-,Yes,-,No,4,No,-,Yes,-,No,-,No,-,No,-,No,-,No,-,No,-,No,-,No,-,No,0,No,-,No,-,No,-,No,-,Yes,-,No,-,No,-,-,-,Skip,-,No,-,No,-,No,-,Yes,8.5,No,-
5/7/2016,No,-,No,-,Yes,8,No,-,Yes,-,No,-,No,-,Skip,-,No,-,No,-,No,-,Yes,-,Yes,2,Skip,8,Yes,-,No,-,No,-,No,-,Yes,-,Yes,-,No,-,-,-,Skip,-,No,-,No,-,No,-,No,-,Yes,W Morgan.
5/8/2016,No,-,No,-,Yes,9.5,No,-,Yes,-,Yes,-,Skip,-,Skip,-,No,-,No,-,Skip,-,Yes,-,Yes,1,Skip,8,Yes,-,No,-,No,-,No,-,Yes,-,Yes,-,No,-,-,-,Skip,-,Yes,-,Yes,-,Yes,-,No,-,No,-
5/9/2016,No,-,Yes,-,Skip,7,No,-,Yes,-,Yes,-,Yes,-,No,-,No,-,Skip,-,Yes,-,No,-,Yes,1,Skip,8,No,-,No,-,No,-,No,-,Yes,-,No,-,No,-,-,-,Skip,-,Yes,-,Yes,-,No,-,No,-,No,-
5/10/2016,No,-,No,-,Yes,9,No,-,No,-,Yes,-,Yes,-,No,-,No,-,Yes,-,No,-,Skip,-,Yes,0.5,Skip,7,No,-,Yes,-,No,-,No,-,Yes,-,Yes,-,No,-,-,-,Skip,-,Yes,-,Yes,-,No,-,Yes,9,No,-
5/11/2016,No,-,No,-,Skip,7,No,-,Yes,-,Yes,-,Yes,-,No,-,No,-,No,-,Yes,-,No,-,No,-,No,3,No,-,No,-,No,-,Yes,-,Yes,-,No,-,No,-,-,-,Skip,-,No,-,No,-,No,-,No,-,No,-
5/12/2016,No,-,No,-,Yes,7.5,Yes,-,Yes,-,Yes,-,No,-,No,-,No,-,No,-,Skip,-,Yes,-,No,-,No,6,Yes,-,No,-,No,-,Yes,-,Yes,-,No,-,No,-,-,-,Skip,-,No,-,No,-,No,-,Yes,1,No,-
5/13/2016,No,-,No,-,Yes,8,No,-,Yes,-,No,-,Skip,-,No,-,No,-,No,-,Yes,-,Skip,-,No,-,No,3,Yes,-,No,-,No,-,Yes,-,Yes,-,No,-,No,-,-,-,Skip,-,No,-,No,-,No,-,No,-,No,-
5/14/2016,No,-,No,-,No,6.25,No,-,Yes,-,Yes,-,Skip,-,No,-,No,-,No,-,Yes,-,No,-,No,-,No,1,Yes,-,No,-,No,-,Yes,-,Yes,-,Yes,-,No,-,-,-,Skip,-,No,-,No,-,No,-,No,-,No,-
5/15/2016,No,-,No,-,No,6.5,No,-,Skip,-,Yes,-,Yes,-,No,-,No,-,No,-,No,-,No,-,No,-,No,0,No,-,No,-,Yes,-,No,-,Yes,-,No,-,No,-,-,-,Skip,-,Yes,-,Yes,-,No,-,No,-,Yes,-
5/16/2016,No,-,No,-,Yes,8.25,No,-,Yes,-,Yes,-,Yes,-,No,-,No,-,Skip,-,Yes,-,Yes,-,No,-,Skip,8,No,-,No,-,Skip,-,No,-,Yes,-,No,-,No,-,-,-,Skip,-,Yes,-,Yes,-,No,-,Yes,2.5,Yes,With krub
5/17/2016,No,-,No,-,Yes,10,No,-,Yes,-,Yes,-,Yes,-,No,-,No,-,No,-,Yes,-,No,-,No,-,No,4.5,Yes,-,No,-,Skip,-,No,-,Yes,-,No,-,No,-,-,-,Skip,-,Yes,-,Yes,-,No,-,No,-,Yes,-
5/18/2016,No,-,No,-,Yes,8.25,No,-,Yes,-,Yes,-,Skip,-,No,-,No,-,Skip,-,Yes,-,Skip,-,No,-,Yes,9.5,No,-,No,-,Skip,-,No,-,Yes,-,No,-,No,-,-,-,Skip,-,Yes,-,Yes,-,No,-,Yes,2,No,-
5/19/2016,No,-,No,-,Skip,7,No,-,Yes,-,No,-,Yes,-,No,-,No,-,No,-,Skip,-,Yes,-,No,-,Skip,6,No,-,Yes,-,Yes,-,No,-,Yes,-,Yes,-,No,-,-,-,Skip,-,Yes,-,Yes,-,No,-,No,-,No,-
5/20/2016,No,-,Yes,-,Yes,7.5,No,-,No,-,Yes,-,No,-,No,-,No,-,Yes,-,Yes,-,Skip,-,No,-,No,-,No,-,No,-,No,-,No,-,Yes,-,No,-,No,-,-,-,Skip,-,Yes,-,Yes,-,Skip,-,No,-,Yes,-
5/21/2016,No,-,No,-,Yes,7.5,Yes,-,Yes,-,Yes,-,Skip,-,Skip,-,No,-,Skip,-,Skip,-,No,-,Yes,1,Yes,9.5,No,-,No,-,Skip,-,Yes,-,Yes,-,No,-,No,-,-,-,Skip,-,Yes,-,Yes,-,No,-,No,-,No,-
5/22/2016,No,-,No,-,Yes,7.5,No,-,Yes,-,Yes,-,Yes,-,No,-,No,-,No,-,Yes,-,Yes,-,No,-,No,0,No,-,No,-,No,-,No,-,Yes,-,No,-,No,-,-,-,Skip,-,Yes,-,Yes,-,No,-,No,-,No,-
5/23/2016,No,-,Yes,-,Yes,8,No,-,Yes,-,Yes,-,Yes,-,Skip,-,No,-,No,-,Skip,-,Yes,-,Yes,5.5,No,4,Yes,-,No,-,Skip,-,No,-,Yes,-,No,-,No,-,-,-,Skip,-,Yes,-,Yes,-,No,-,No,-,No,-
5/24/2016,No,-,No,-,Yes,7.5,No,-,No,-,Yes,-,Yes,-,Skip,-,Yes,-,No,-,No,-,No,-,No,-,Yes,10,No,-,No,-,Yes,-,No,-,Yes,-,Yes,-,No,-,-,-,Skip,-,No,-,No,-,No,-,No,-,No,-
5/25/2016,No,-,No,-,No,6,No,-,Yes,-,Yes,-,Yes,-,Skip,-,Yes,-,Skip,-,Skip,-,Yes,-,No,-,Skip,6,Yes,-,No,-,Skip,-,No,-,Yes,-,Yes,-,No,-,-,-,Skip,-,Yes,-,Yes,-,No,-,No,-,Yes,-
5/26/2016,No,-,No,-,Yes,8.5,No,-,Yes,-,Yes,-,Yes,-,No,-,No,-,No,-,Skip,-,Yes,-,No,-,Skip,8,No,-,No,-,No,-,Yes,-,Yes,-,No,-,No,-,-,-,Skip,-,Yes,-,Yes,-,No,-,No,-,No,-
5/27/2016,No,-,No,-,Yes,8,No,-,No,-,Yes,-,Yes,-,No,-,No,-,Skip,-,Skip,-,No,-,No,-,No,6,No,-,No,-,No,-,Yes,-,Yes,-,No,-,No,-,-,-,Skip,-,No,-,No,-,No,-,No,-,No,-
5/28/2016,No,-,Yes,-,Yes,8,No,-,Yes,-,Yes,-,Yes,-,No,-,No,-,Skip,-,Skip,-,No,-,No,-,No,1,Yes,-,No,-,No,-,Yes,-,Yes,-,No,-,No,-,-,-,Skip,-,Yes,-,No,-,No,-,No,-,No,-
5/29/2016,No,-,Yes,-,No,6,No,-,Yes,-,Yes,-,Yes,-,No,-,No,-,Skip,-,Yes,-,No,-,No,-,No,0,No,-,No,-,No,-,Yes,-,Yes,-,No,-,No,-,-,-,Skip,-,Yes,-,Yes,-,No,-,Yes,5,Yes,-
5/30/2016,No,-,No,-,Skip,7.25,No,-,Skip,-,Yes,-,Yes,-,Skip,-,Yes,-,Skip,-,Skip,-,Skip,-,No,-,Skip,6,No,-,No,-,No,-,No,-,Yes,-,Yes,-,No,-,-,-,Skip,-,Yes,-,Yes,-,No,-,No,-,No,-
5/31/2016,No,-,No,-,Yes,9,No,-,Yes,-,Yes,-,Skip,-,Skip,-,Yes,-,No,-,No,-,Yes,-,No,-,Skip,5,No,-,No,-,Skip,-,No,-,Yes,-,Yes,-,No,-,-,-,Skip,-,Yes,-,Yes,-,No,-,No,-,No,-
6/1/2016,No,-,No,-,Yes,8.5,No,-,No,-,Skip,-,Yes,-,Skip,-,Yes,-,Skip,-,No,-,Skip,-,No,-,Yes,10,No,-,No,-,Skip,-,Yes,-,Yes,-,Yes,-,No,-,-,-,Skip,-,Yes,-,Yes,-,No,-,No,-,No,-
6/2/2016,No,-,No,-,Yes,8.5,No,-,Yes,-,Yes,-,Yes,-,No,-,No,-,Skip,-,No,-,No,-,No,-,No,5,Yes,-,No,-,No,-,No,-,Yes,-,Yes,-,No,-,-,-,Skip,-,No,-,No,-,Skip,-,Yes,4,No,-
6/3/2016,No,-,No,-,No,5.5,Yes,-,Yes,-,Yes,-,Skip,-,No,-,No,-,Yes,-,Yes,-,Yes,-,No,-,No,0,No,-,No,-,Skip,-,Yes,-,Yes,-,No,-,No,-,-,-,Skip,-,Yes,-,Yes,-,Yes,-,Yes,5,No,-
6/4/2016,No,-,No,-,Skip,6.75,No,-,Yes,-,Yes,-,Yes,-,No,-,No,-,No,-,Skip,-,Yes,-,No,-,No,5,No,-,No,-,Yes,-,Yes,-,No,-,Yes,-,No,-,-,-,Skip,-,Yes,-,Yes,-,No,-,No,-,No,-
6/5/2016,No,-,Yes,-,No,5.75,No,-,No,-,No,-,Yes,-,No,-,No,-,Skip,-,Skip,-,Skip,-,No,-,No,5,No,-,No,-,No,-,No,-,Yes,-,Yes,-,No,-,-,-,Skip,-,Yes,-,No,-,No,-,No,-,No,-
6/6/2016,No,-,No,-,Yes,8,No,-,No,-,Yes,-,Yes,-,No,-,No,-,No,-,No,-,Yes,-,No,-,No,6,No,-,No,-,No,-,No,-,No,-,Yes,-,No,-,-,-,Skip,-,Yes,-,Yes,-,No,-,No,-,No,-
6/7/2016,No,-,No,-,Yes,9.5,No,-,Yes,-,Yes,-,No,-,No,-,No,-,Skip,-,Yes,-,Yes,-,No,-,No,5,No,-,No,-,No,-,No,-,No,-,Yes,-,No,-,-,-,Skip,-,Yes,-,Yes,-,No,-,No,-,Yes,Evan' mom' dad on rape
6/8/2016,No,-,No,-,Skip,7.25,No,-,Yes,-,Yes,-,Skip,-,No,-,No,-,No,-,Skip,-,Skip,-,No,-,No,6,No,-,No,-,No,-,No,-,Yes,-,No,-,No,-,-,-,Skip,-,Yes,-,Yes,-,No,-,No,-,No,-
6/9/2016,No,-,No,-,Yes,8,No,-,Yes,-,Yes,-,Yes,-,No,-,No,-,Yes,-,No,-,Yes,-,No,-,No,5.5,No,-,Yes,-,Skip,-,Yes,-,Yes,-,Yes,-,No,-,-,-,Skip,-,No,-,No,-,No,-,No,-,Yes,-
6/10/2016,No,-,No,-,No,6,No,-,Yes,-,Yes,-,Yes,-,No,-,No,-,No,-,Skip,-,No,-,No,-,No,5,No,-,No,-,No,-,Yes,-,Yes,-,Yes,-,No,-,-,-,Skip,-,No,-,No,-,No,-,Yes,2,No,-
6/11/2016,No,-,No,-,Skip,6.5,No,-,No,-,Yes,-,Yes,-,Yes,-,Yes,-,Yes,-,Skip,-,No,-,No,-,No,4,No,-,No,-,No,-,No,-,Yes,-,No,-,No,-,-,-,Skip,-,Yes,-,Yes,-,No,-,No,-,No,-
6/12/2016,No,-,Yes,-,No,4,No,-,Yes,-,Yes,-,Yes,-,No,-,No,-,Yes,-,No,-,No,-,No,-,No,0,No,-,No,-,No,-,Yes,-,Yes,-,No,-,No,-,-,-,Skip,-,No,-,No,-,No,-,Yes,4,No,-
6/13/2016,No,-,Yes,-,Yes,7.5,No,-,Yes,-,Yes,-,Yes,-,Yes,-,Yes,-,Yes,-,No,-,No,-,No,-,No,1,No,-,No,-,No,-,Yes,-,Yes,-,No,-,No,-,-,-,Skip,-,No,-,No,-,No,-,No,-,Yes,-
6/14/2016,No,-,Yes,-,No,6.25,No,-,No,-,Yes,-,Skip,-,Yes,-,Yes,-,Yes,-,No,-,Yes,-,No,-,No,0,No,-,No,-,No,-,No,-,Yes,-,No,-,No,-,-,-,Skip,-,No,-,No,-,No,-,No,-,Yes,-
6/15/2016,No,-,Yes,-,Yes,8,No,-,No,-,Yes,-,No,-,Yes,-,Yes,-,Yes,-,No,-,Yes,-,No,-,No,0,No,-,No,-,No,-,No,-,Yes,-,No,-,No,-,-,-,Skip,-,No,-,No,-,No,-,No,-,No,-
6/16/2016,No,-,Yes,-,Skip,7,No,-,Yes,-,Skip,-,Yes,-,Yes,-,Yes,-,Yes,-,Yes,-,Yes,-,No,-,No,0,No,-,No,-,No,-,No,-,Yes,-,No,-,No,-,-,-,Skip,-,No,-,No,-,No,-,No,-,Yes,-
6/17/2016,No,-,Yes,-,No,6.5,No,-,No,-,No,-,Skip,-,Yes,-,Yes,-,No,-,Skip,-,Skip,-,No,-,No,0,No,-,No,-,No,-,Yes,-,Yes,-,Yes,-,No,-,-,-,Skip,-,No,-,No,-,No,-,No,-,Yes,-
6/18/2016,No,-,Yes,-,Skip,7.5,No,-,No,-,Skip,-,Yes,-,Yes,-,Yes,-,Skip,-,No,-,No,-,No,-,No,0,No,-,No,-,No,-,Yes,-,Yes,-,Yes,-,No,-,-,-,Skip,-,No,-,No,-,No,-,No,-,Yes,-
6/19/2016,No,-,Yes,-,No,6,No,-,Yes,-,Yes,-,Skip,-,Yes,-,Yes,-,No,-,Skip,-,Yes,-,No,-,No,0,No,-,No,-,No,-,No,-,Yes,-,No,-,No,-,-,-,Skip,-,No,-,No,-,No,-,No,-,No,-
6/20/2016,No,-,Yes,-,Yes,7.5,No,-,No,-,Yes,-,Yes,-,Yes,-,Yes,-,Yes,-,Yes,-,Yes,-,No,-,No,0,No,-,No,-,No,-,Yes,-,Yes,-,No,-,No,-,-,-,Skip,-,Yes,-,No,-,No,-,Yes,3,No,-
6/21/2016,No,-,No,-,No,6,No,-,Yes,-,Yes,-,Yes,-,Yes,-,Yes,-,Yes,-,Skip,-,Skip,-,No,-,No,0,No,-,No,-,No,-,No,-,Yes,-,No,-,No,-,-,-,Skip,-,No,-,No,-,No,-,No,-,Yes,-
6/22/2016,No,-,No,-,Yes,7.5,No,-,No,-,Skip,-,Yes,-,Yes,-,Yes,-,Yes,-,No,-,Yes,-,No,-,No,0,No,-,No,-,No,-,No,-,Yes,-,No,-,No,-,-,-,Skip,-,No,-,No,-,Yes,-,No,-,Yes,-
6/23/2016,No,-,No,-,No,-,No,-,No,-,Yes,-,Yes,-,Yes,-,Yes,-,Yes,-,Yes,-,Yes,-,No,-,No,0,No,-,No,-,No,-,No,-,Yes,-,Yes,-,No,-,-,-,Skip,-,No,-,No,-,No,-,No,-,Yes,W ashger
6/24/2016,No,-,No,-,Skip,7,No,-,No,-,Yes,-,Yes,-,Yes,-,Yes,-,Yes,-,Skip,-,No,-,No,-,No,0,No,-,No,-,No,-,Yes,-,Yes,-,No,-,Yes,-,-,-,No,-,No,-,No,-,No,-,Yes,4,No,-
6/25/2016,No,-,No,-,No,4.5,No,-,Yes,-,Yes,-,Yes,-,No,-,No,-,Skip,-,Yes,-,No,-,No,-,No,0,No,-,No,-,No,-,Yes,-,Yes,-,Yes,-,No,-,-,-,Skip,-,No,-,No,-,No,-,Yes,5,No,-
6/26/2016,No,-,No,-,Yes,8,No,-,Yes,-,Yes,-,Skip,-,Yes,-,Yes,-,Yes,-,No,-,Yes,-,No,-,No,0,No,-,No,-,No,-,No,-,Yes,-,Yes,-,No,-,-,-,Skip,-,No,-,No,-,No,-,No,-,No,-
6/27/2016,No,-,No,-,Yes,8,Yes,-,Yes,-,Yes,-,Yes,-,Yes,-,Yes,-,Yes,-,No,-,Yes,-,No,-,No,2,No,-,No,-,No,-,No,-,Yes,-,Yes,-,No,-,-,-,Skip,-,Yes,-,No,-,No,-,No,-,No,-
6/28/2016,No,-,No,-,Yes,8,No,-,No,-,Yes,-,No,-,Yes,-,Yes,-,Skip,-,No,-,No,-,No,-,No,0,No,-,No,-,No,-,Yes,-,Yes,-,Yes,-,No,-,-,-,Skip,-,No,-,No,-,No,-,No,-,Yes,-
6/29/2016,No,-,No,-,No,5,No,-,Yes,-,Skip,-,No,-,Yes,-,No,-,Skip,-,No,-,Skip,-,No,-,No,2,No,-,No,-,No,-,No,-,Yes,-,No,-,No,-,-,-,Skip,-,No,-,No,-,Yes,-,No,-,Yes,-
6/30/2016,No,-,No,-,Yes,7.5,No,-,Yes,-,No,-,No,-,Yes,-,Yes,-,Skip,-,No,-,Yes,-,No,-,No,0,No,-,No,-,No,-,Yes,-,Yes,-,No,-,No,-,-,-,Skip,-,No,-,No,-,No,-,No,-,No,-
7/1/2016,No,-,No,-,Skip,6.75,No,-,No,-,No,-,Yes,-,Yes,-,No,-,No,-,No,-,No,-,No,-,No,0,No,-,No,-,No,-,Yes,-,Yes,-,No,-,No,-,-,-,Skip,-,No,-,No,-,No,-,No,-,Yes,-
7/2/2016,No,-,Yes,-,No,5,No,-,Yes,-,No,-,Skip,-,Yes,-,No,-,No,-,No,-,No,-,No,-,No,0,No,-,No,-,No,-,Yes,-,Yes,-,No,-,No,-,-,-,Skip,-,No,-,No,-,No,-,No,-,No,-
7/3/2016,No,-,Yes,-,Skip,7,No,-,Yes,-,Yes,-,Yes,-,No,-,Skip,-,Yes,-,Yes,-,No,-,No,-,No,0,No,-,No,-,No,-,Yes,-,Yes,-,Yes,-,No,-,-,-,Skip,-,Yes,-,No,-,No,-,Yes,2,Yes,-
7/4/2016,No,-,No,-,Skip,6.75,No,-,Yes,-,Yes,-,Skip,-,Yes,-,Yes,-,Yes,-,No,-,Yes,-,No,-,No,0,No,-,No,-,No,-,Yes,-,Yes,-,Yes,-,No,-,-,-,Skip,-,Yes,-,No,-,No,-,No,-,Yes,-
7/5/2016,No,-,No,-,No,5.5,No,-,Yes,-,Yes,-,Yes,-,Yes,-,No,-,Skip,-,Yes,-,Yes,-,No,-,No,2,No,-,No,-,No,-,No,-,Yes,-,No,-,No,-,-,-,Skip,-,No,-,No,-,Skip,-,Yes,1.5,No,-
7/6/2016,No,-,No,-,Skip,7.25,Yes,-,No,-,Yes,-,Skip,-,Yes,-,No,-,Skip,-,Skip,-,No,-,No,-,No,2,No,-,No,-,No,-,Yes,-,Yes,-,No,-,No,-,-,-,Skip,-,No,-,No,-,No,-,No,-,No,-
7/7/2016,No,-,No,-,No,4,No,-,Yes,-,No,-,Yes,-,Yes,-,Yes,-,Skip,-,Skip,-,Yes,-,No,-,No,2,No,-,No,-,No,-,No,-,Yes,-,No,-,No,-,-,-,Skip,-,No,-,No,-,No,-,No,-,Yes,-
7/8/2016,No,-,No,-,Skip,7,No,-,Yes,-,Yes,-,Yes,-,Yes,-,Yes,-,No,-,No,-,No,-,No,-,No,0,No,-,No,-,No,-,Yes,-,Yes,-,No,-,No,-,No,-,Skip,-,Yes,-,Yes,-,No,-,Yes,5,No,-
7/9/2016,No,-,No,-,No,6,No,-,No,-,No,-,Yes,-,No,-,No,-,Skip,-,No,-,No,-,No,-,No,3.5,No,-,No,-,No,-,No,-,Yes,-,No,-,Yes,-,Yes,-,Yes,-,No,-,No,-,No,-,No,-,No,-
7/10/2016,No,-,No,-,No,4,Yes,-,Yes,-,Skip,-,Yes,-,Yes,-,Yes,-,Yes,-,Skip,-,Yes,-,No,-,No,0,No,-,No,-,No,-,No,-,Yes,-,No,-,Yes,-,Yes,-,Yes,-,No,-,No,-,No,-,Yes,5,No,-
7/11/2016,No,-,No,-,Yes,8.25,No,-,Yes,-,Skip,-,Yes,-,Yes,-,Yes,-,No,-,No,-,No,-,No,-,No,0,No,-,No,-,No,-,Yes,-,Yes,-,Yes,-,Yes,-,Yes,-,No,-,No,-,No,-,No,-,No,-,No,-
7/12/2016,No,-,No,-,No,4,No,-,Yes,-,No,-,No,-,Yes,-,No,-,No,-,No,-,Yes,-,No,-,No,0,No,-,No,-,No,-,No,-,Yes,-,Yes,-,No,-,No,-,Skip,-,No,-,No,-,Yes,-,No,-,No,-
7/13/2016,No,-,Yes,-,Yes,8.5,No,-,No,-,Yes,-,Yes,-,Yes,-,Yes,-,Skip,-,No,-,No,-,No,-,No,0,No,-,No,-,No,-,Yes,-,Yes,-,No,-,No,-,No,-,Skip,-,No,-,No,-,No,-,No,-,Yes,-
7/14/2016,No,-,No,-,No,4,No,-,Yes,-,No,-,No,-,Yes,-,No,-,Skip,-,No,-,Yes,-,No,-,No,0,No,-,No,-,No,-,No,-,Yes,-,No,-,No,-,No,-,Skip,-,Yes,-,No,-,Yes,-,No,-,No,-
7/15/2016,No,-,Yes,-,Yes,8,No,-,No,-,Yes,-,Yes,-,Yes,-,Yes,-,Yes,-,No,-,No,-,No,-,No,0,No,-,No,-,No,-,No,-,Yes,-,No,-,No,-,Yes,-,Skip,-,No,-,No,-,No,-,No,-,Yes,-
7/16/2016,No,-,Yes,-,No,4,No,-,Yes,-,Yes,-,Yes,-,Yes,-,Yes,-,Yes,-,No,-,No,-,No,-,No,0,No,-,No,-,No,-,Yes,-,Yes,-,Yes,-,No,-,No,-,Skip,-,No,-,No,-,No,-,Yes,1.5,No,-
7/17/2016,No,-,Yes,-,No,6,No,-,Yes,-,Skip,-,Yes,-,No,-,Skip,-,Yes,-,No,-,No,-,No,-,No,0.5,No,-,No,-,No,-,No,-,Yes,-,Yes,-,No,-,No,-,Skip,-,No,-,No,-,No,-,Yes,5,Yes,-
7/18/2016,No,-,Yes,-,Skip,6.75,No,-,Yes,-,Yes,-,No,-,Yes,-,No,-,Yes,-,No,-,No,-,No,-,No,0,No,-,No,-,No,-,Yes,-,Yes,-,No,-,No,-,No,-,Skip,-,No,-,No,-,Yes,-,No,-,No,-
7/19/2016,No,-,No,-,Skip,6.75,No,-,No,-,Yes,-,Skip,-,Yes,-,Yes,-,Yes,-,Skip,-,Yes,-,No,-,No,0,No,-,No,-,No,-,Skip,-,Yes,-,Yes,-,Yes,-,Yes,-,No,-,No,-,No,-,No,-,No,-,Yes,-
7/20/2016,No,-,No,-,No,4,Yes,-,Yes,-,Skip,-,Yes,-,Yes,-,Yes,-,Yes,-,Yes,-,Yes,-,No,-,No,0,No,-,No,-,No,-,No,-,Yes,-,No,-,No,-,No,-,Skip,-,No,-,No,-,Skip,-,Yes,1.5,No,-
7/21/2016,No,-,No,-,Yes,9.5,Yes,-,No,-,Yes,-,Yes,-,Yes,-,Yes,-,Yes,-,Yes,-,Yes,-,No,-,No,0,No,-,No,-,No,-,No,-,Yes,-,No,-,No,-,No,-,Skip,-,No,-,No,-,No,-,No,-,Yes,-
7/22/2016,No,-,Yes,-,Skip,7.25,No,-,Yes,-,Yes,-,Yes,-,Yes,-,Yes,-,Yes,-,No,-,No,-,No,-,No,0,No,-,No,-,No,-,Yes,-,Yes,-,Yes,-,No,-,No,-,Skip,-,No,-,No,-,No,-,Yes,1.5,Yes,-
7/23/2016,No,-,Yes,-,Skip,7,No,-,No,-,No,-,No,-,Yes,-,No,-,Yes,-,No,-,No,-,No,-,No,0,No,-,No,-,No,-,No,-,Yes,-,No,-,No,-,Yes,-,Skip,-,No,-,No,-,No,-,No,-,No,-
7/24/2016,No,-,No,-,No,5.5,Yes,-,Yes,-,No,-,Yes,-,No,-,Skip,-,Yes,-,Skip,-,Skip,-,No,-,No,0,No,-,No,-,No,-,No,-,Yes,-,No,-,No,-,Yes,-,Skip,-,No,-,No,-,No,-,Yes,4,Yes,-
7/25/2016,No,-,No,-,Skip,7,No,-,Yes,-,Yes,-,Skip,-,Yes,-,No,-,No,-,No,-,Yes,-,No,-,No,2,No,-,No,-,No,-,No,-,Yes,-,No,-,Yes,-,Yes,-,No,-,No,-,No,-,Yes,-,No,-,No,-
7/26/2016,No,-,No,-,No,6.5,No,-,Yes,-,No,-,No,-,Yes,-,Yes,-,No,-,No,-,Yes,-,No,-,No,0,No,-,No,-,No,-,No,-,Yes,-,No,-,No,-,No,-,Skip,-,No,-,No,-,No,-,No,-,No,-
7/27/2016,No,-,No,-,No,6.5,No,-,Skip,-,No,-,No,-,Yes,-,Yes,-,Skip,-,No,-,Skip,-,No,-,No,0,No,-,No,-,No,-,No,-,Yes,-,Yes,-,No,-,No,-,Skip,-,No,-,No,-,No,-,No,-,Yes,-
7/28/2016,No,-,No,-,Skip,7,No,-,Skip,-,No,-,Skip,-,Yes,-,Yes,-,Skip,-,No,-,Yes,-,No,-,No,0,No,-,No,-,No,-,No,-,Yes,-,No,-,No,-,No,-,Skip,-,No,-,No,-,No,-,No,-,Yes,-
7/29/2016,No,-,No,-,No,6.5,No,-,Yes,-,Yes,-,Skip,-,Yes,-,Yes,-,No,-,No,-,No,-,No,-,No,0,No,-,No,-,No,-,Yes,-,Yes,-,No,-,No,-,No,-,Skip,-,No,-,No,-,No,-,No,-,No,-
7/30/2016,No,-,No,-,No,4,No,-,No,-,No,-,Yes,-,No,-,No,-,No,-,No,-,No,-,No,-,No,0,No,-,No,-,No,-,Yes,-,Yes,-,No,-,No,-,No,-,Skip,-,Yes,-,No,-,No,-,Yes,2,Yes,-
7/31/2016,No,-,Yes,-,Yes,7.5,No,-,Yes,-,Yes,-,Skip,-,Yes,-,Yes,-,Yes,-,No,-,Yes,-,No,-,No,0,No,-,No,-,No,-,No,-,Yes,-,Yes,-,No,-,No,-,Skip,-,Yes,-,No,-,No,-,No,-,No,-
8/1/2016,No,-,Yes,-,Yes,8,No,-,Yes,-,Yes,-,Yes,-,Yes,-,Yes,-,No,-,No,-,Skip,-,No,-,No,0,No,-,No,-,No,-,Yes,-,Yes,-,No,-,No,-,No,-,Skip,-,Yes,-,No,-,No,-,No,-,Yes,-
8/2/2016,No,-,No,-,No,5.5,No,-,Yes,-,Yes,-,Yes,-,Yes,-,Yes,-,No,-,Skip,-,Yes,-,No,-,No,3,No,-,No,-,No,-,No,-,Yes,-,No,-,No,-,No,-,Skip,-,No,-,No,-,No,-,Yes,2,Yes,-
8/3/2016,No,-,No,-,Skip,7.25,No,-,No,-,Yes,-,Skip,-,Yes,-,Yes,-,Skip,-,Yes,-,Yes,-,No,-,No,3,No,-,No,-,No,-,No,-,Yes,-,No,-,No,-,No,-,Skip,-,Yes,-,No,-,No,-,Yes,2,No,-
8/4/2016,No,-,Yes,-,Skip,6.75,No,-,Yes,-,Skip,-,No,-,Yes,-,No,-,Yes,-,No,-,Skip,-,No,-,No,0,No,-,No,-,No,-,No,-,Yes,-,Yes,-,No,-,No,-,Skip,-,Yes,-,No,-,Skip,-,No,-,Yes,-
8/5/2016,No,-,No,-,Yes,7.5,No,-,Yes,-,Yes,-,Yes,-,-,-,Yes,-,No,-,No,-,No,-,No,-,No,0,No,-,No,-,No,-,Yes,-,Yes,-,Yes,-,No,-,Yes,-,Skip,-,No,-,No,-,No,-,No,-,No,-
8/6/2016,No,-,Yes,-,No,5,No,-,No,-,Yes,-,No,-,Yes,-,No,-,Yes,-,No,-,No,-,No,-,No,0,No,-,No,-,No,-,Yes,-,Yes,-,Yes,-,No,-,No,-,Skip,-,No,-,No,-,Yes,-,No,-,Yes,-
8/7/2016,No,-,No,-,Yes,8,No,-,Yes,-,Yes,-,Yes,-,No,-,Skip,-,No,-,No,-,No,-,No,-,No,0,No,-,No,-,No,-,Yes,-,Yes,-,No,-,No,-,No,-,Skip,-,No,-,No,-,No,-,Yes,3,Yes,-
8/8/2016,No,-,Yes,-,No,4.75,No,-,Yes,-,No,-,Skip,-,Yes,-,Yes,-,Skip,-,No,-,Yes,-,No,-,No,0,No,-,No,-,No,-,Yes,-,Yes,-,Yes,-,No,-,No,-,Skip,-,Yes,-,No,-,No,-,No,-,Yes,-
8/9/2016,No,-,No,-,Yes,7.75,No,-,Yes,-,Yes,-,Skip,-,Yes,-,Yes,-,No,-,No,-,Skip,-,No,-,No,0,No,-,No,-,No,-,Yes,-,Yes,-,Yes,-,No,-,No,-,Skip,-,Yes,-,No,-,No,-,No,-,No,-
8/10/2016,No,-,Yes,-,Skip,7,No,-,Yes,-,No,-,No,-,Yes,-,No,-,No,-,No,-,Skip,-,No,-,No,0,No,-,No,-,No,-,Yes,-,Yes,-,Yes,-,No,-,No,-,Skip,-,Yes,-,No,-,No,-,No,-,Yes,-
8/11/2016,No,-,Yes,-,Skip,7,No,-,Yes,-,Yes,-,Yes,-,Yes,-,Yes,-,Yes,-,No,-,No,-,No,-,No,0,No,-,No,-,No,-,No,-,Yes,-,Yes,-,No,-,Yes,-,Skip,-,Yes,-,No,-,No,-,Yes,2,No,-
8/12/2016,No,-,No,-,No,4,No,-,Yes,-,Yes,-,Yes,-,Yes,-,Yes,-,Yes,-,No,-,Yes,-,No,-,No,0,No,-,No,-,No,-,No,-,Yes,-,Yes,-,No,-,No,-,Skip,-,No,-,No,-,No,-,No,-,No,-
8/13/2016,No,-,Yes,-,Skip,7,No,-,Yes,-,Yes,-,Yes,-,Yes,-,Yes,-,No,-,No,-,No,-,No,-,No,0,No,-,No,-,No,-,Yes,-,Yes,-,Yes,-,No,-,Yes,-,Skip,-,No,-,No,-,No,-,Yes,2,Yes,-
8/14/2016,No,-,No,-,No,3.75,No,-,Yes,-,Yes,-,Skip,-,Yes,-,No,-,No,-,Skip,-,Skip,-,No,-,No,0,No,-,No,-,No,-,Yes,-,Yes,-,No,-,No,-,No,-,Skip,-,No,-,No,-,No,-,No,-,Yes,-
8/15/2016,No,-,No,-,Skip,7,No,-,Yes,-,Yes,-,Yes,-,Yes,-,Yes,-,No,-,No,-,Yes,-,No,-,No,0,No,-,No,-,No,-,No,-,Yes,-,No,-,No,-,No,-,Skip,-,Yes,-,No,-,No,-,No,-,Yes,-
8/16/2016,No,-,Yes,-,Yes,7.5,No,-,No,-,Yes,-,Yes,-,Skip,-,No,-,Yes,-,No,-,No,-,No,-,No,0,No,-,No,-,No,-,Yes,-,Yes,-,No,-,Yes,-,Yes,-,Yes,-,No,-,No,-,No,-,No,-,Yes,-
8/17/2016,No,-,Yes,-,No,3.75,No,-,Yes,-,Yes,-,Yes,-,No,-,Skip,-,Skip,-,Yes,-,Yes,-,No,-,No,0,No,-,No,-,No,-,No,-,Yes,-,No,-,No,-,No,-,Skip,-,Yes,-,Yes,-,No,-,Yes,4.5,No,-
8/18/2016,No,-,No,-,Yes,11.25,No,-,No,-,Yes,-,Skip,-,No,-,Skip,-,No,-,No,-,No,-,No,-,No,2,Yes,-,No,-,No,-,Yes,-,Yes,-,No,-,No,-,No,-,No,-,No,-,No,-,No,-,Yes,3,No,-
8/19/2016,No,-,No,-,No,5,No,-,Yes,-,No,-,Yes,-,No,-,Skip,-,No,-,Skip,-,No,-,No,-,No,3,Yes,-,No,-,No,-,No,-,Yes,-,No,-,No,-,No,-,No,-,Yes,-,No,-,No,-,No,-,No,-
8/20/2016,No,-,No,-,No,5,No,-,Yes,-,Yes,-,Yes,-,No,-,Skip,-,Skip,-,Skip,-,No,-,No,-,No,2,Yes,-,No,-,Skip,-,No,-,Yes,-,No,-,No,-,Yes,-,Skip,-,Yes,-,No,-,No,-,Yes,1,No,-
8/21/2016,No,-,No,-,No,6.5,No,-,Yes,-,Skip,-,No,-,No,-,Skip,-,Yes,-,Yes,-,Yes,-,No,-,No,0,No,-,No,-,No,-,No,-,Yes,-,No,-,No,-,No,-,Skip,-,No,-,No,-,No,-,Yes,2,No,-
8/22/2016,No,-,No,-,Yes,10.5,No,-,Yes,-,No,-,Skip,-,No,-,No,-,No,-,Skip,-,Yes,-,No,-,No,3,No,-,No,-,No,-,No,-,Yes,-,No,-,No,-,No,-,Skip,-,Yes,-,Yes,-,No,-,No,-,No,-
8/23/2016,No,-,No,-,Yes,7.5,No,-,Yes,-,No,-,Skip,-,No,-,No,-,No,-,Yes,-,No,-,No,-,No,3,No,-,No,-,No,-,Yes,-,Yes,-,No,-,No,-,No,-,Skip,-,Yes,-,Yes,-,No,-,No,-,No,-
8/24/2016,No,-,Yes,-,Yes,8.75,No,-,Yes,-,Skip,-,Skip,-,Skip,-,Yes,-,Skip,-,Skip,-,Yes,-,No,-,No,1.5,No,-,No,-,No,-,No,-,Yes,-,Yes,-,No,-,No,-,Skip,-,Yes,-,No,-,No,-,No,-,No,-
8/25/2016,No,-,Yes,-,Yes,8,No,-,No,-,Skip,-,Yes,-,No,-,Skip,-,Skip,-,Skip,-,No,-,No,-,Yes,7,No,-,Yes,-,No,-,Yes,-,Yes,-,Yes,-,No,-,No,-,Skip,-,Yes,-,Yes,-,No,-,No,-,No,-
8/26/2016,No,-,No,-,Skip,7,No,-,No,-,Skip,-,Yes,-,No,-,Skip,-,Skip,-,Skip,-,No,-,No,-,No,-,No,-,No,-,No,-,No,-,Yes,-,Yes,-,No,-,No,-,Skip,-,Yes,-,Yes,-,No,-,No,-,No,-
8/27/2016,No,-,No,-,Skip,7,No,-,No,-,Yes,-,Yes,-,No,-,Skip,-,Skip,-,Skip,-,No,-,No,-,No,2,No,-,No,-,No,-,Yes,-,Yes,-,Yes,-,No,-,No,-,Skip,-,No,-,No,-,No,-,No,-,Yes,-
8/28/2016,No,-,No,-,Yes,8.5,No,-,Yes,-,Yes,-,Yes,-,No,-,Skip,-,Yes,-,Yes,-,Skip,-,No,-,No,3,No,-,Yes,-,No,-,No,-,No,-,Yes,-,No,-,No,-,Skip,-,No,-,No,-,No,-,Yes,10,No,-
8/29/2016,No,-,No,-,No,2,Yes,-,No,-,Yes,-,Yes,-,No,-,Skip,-,Yes,-,Skip,-,Skip,-,No,-,No,0,No,-,No,-,No,-,No,-,No,-,Yes,-,No,-,No,-,Skip,-,Yes,-,No,-,No,-,Yes,7,No,-
8/30/2016,No,-,Yes,-,Yes,10,No,-,No,-,Skip,-,Skip,-,No,-,Skip,-,Yes,-,Skip,-,No,-,No,-,No,0,No,-,No,-,No,-,No,-,No,-,Yes,-,No,-,No,-,Skip,-,Yes,-,No,-,No,-,No,-,Yes,-
8/31/2016,No,-,Yes,-,Yes,8,No,-,No,-,Skip,-,Skip,-,No,-,Skip,-,No,-,Skip,-,Yes,-,No,-,No,3,No,-,No,-,No,-,No,-,No,-,Yes,-,No,-,No,-,Skip,-,Yes,-,No,-,No,-,No,-,No,-
9/1/2016,No,-,No,-,Yes,8,No,-,No,-,Yes,-,Yes,-,No,-,Skip,-,Skip,-,Yes,-,No,-,No,-,No,0,No,-,No,-,No,-,No,-,Yes,-,No,-,No,-,No,-,Skip,-,Yes,-,No,-,No,-,No,-,No,-
9/2/2016,No,-,No,-,Yes,11,Yes,-,No,-,Yes,-,Yes,-,No,-,Skip,-,Skip,-,Yes,-,Skip,-,No,-,No,0,No,-,No,-,No,-,No,-,Yes,-,Yes,-,No,-,No,-,Skip,-,Yes,-,No,-,No,-,No,-,Yes,-
9/3/2016,No,-,No,-,Skip,7,Yes,-,No,-,Yes,-,Yes,-,No,-,Skip,-,No,-,Skip,-,Skip,-,No,-,No,0,No,-,No,-,No,-,No,-,Yes,-,Yes,-,No,-,No,-,Skip,-,No,-,No,-,No,-,No,-,Yes,-
9/4/2016,No,-,No,-,Skip,7,No,-,No,-,Yes,-,Yes,-,No,-,Skip,-,Skip,-,Skip,-,No,-,No,-,No,0,No,-,No,-,No,-,No,-,Yes,-,Yes,-,No,-,No,-,Skip,-,No,-,No,-,No,-,No,-,No,-
9/5/2016,No,-,Yes,-,Yes,7.5,No,-,Yes,-,Yes,-,Skip,-,No,-,Skip,-,No,-,Yes,-,Yes,-,No,-,No,0,No,-,No,-,No,-,No,-,Yes,-,No,-,No,-,No,-,Skip,-,No,-,No,-,Skip,-,Yes,2,No,-
9/6/2016,No,-,No,-,Skip,7,Yes,-,Yes,-,Yes,-,Yes,-,No,-,Skip,-,Skip,-,Skip,-,Skip,-,No,-,No,0,No,-,No,-,No,-,No,-,Yes,-,Yes,-,No,-,No,-,Skip,-,No,-,No,-,No,-,No,-,No,-
9/7/2016,No,-,Yes,-,Yes,7.75,No,-,Yes,-,Skip,-,No,-,No,-,Skip,-,Skip,-,Skip,-,Skip,-,No,-,No,0,No,-,No,-,No,-,No,-,No,-,No,-,No,-,No,-,Skip,-,No,-,No,-,No,-,Yes,3.5,No,-
9/8/2016,No,-,No,-,No,5,No,-,Yes,-,Yes,-,Skip,-,No,-,Skip,-,No,-,No,-,No,-,No,-,No,0,No,-,No,-,No,-,No,-,Yes,-,Yes,-,No,-,No,-,Skip,-,No,-,No,-,No,-,No,-,No,-
9/9/2016,No,-,No,-,No,6,No,-,Yes,-,Yes,-,Yes,-,Skip,-,Yes,-,No,-,No,-,Skip,-,No,-,No,0,No,-,No,-,No,-,No,-,Yes,-,Yes,-,No,-,No,-,Skip,-,No,-,No,-,Yes,-,Yes,6,Yes,-
9/10/2016,No,-,Yes,-,Skip,6.75,No,-,Yes,-,Yes,-,Yes,-,No,-,Skip,-,Skip,-,Skip,-,No,-,No,-,No,0,No,-,No,-,No,-,No,-,No,-,No,-,No,-,No,-,Skip,-,No,-,No,-,Yes,-,No,-,No,-
9/11/2016,No,-,No,-,Yes,7.75,No,-,Yes,-,Skip,-,Skip,-,No,-,Skip,-,Yes,-,No,-,No,-,No,-,No,2,No,-,No,-,No,-,No,-,No,-,Yes,-,No,-,No,-,Skip,-,Yes,-,Yes,-,Skip,-,No,-,No,-
9/12/2016,No,-,Yes,-,Yes,9,No,-,Yes,-,Skip,-,No,-,No,-,Skip,-,No,-,No,-,No,-,No,-,No,3.5,No,-,No,-,No,-,No,-,No,-,Yes,-,No,-,No,-,Skip,-,Yes,-,Yes,-,Yes,-,No,-,No,-
9/13/2016,No,-,Yes,-,Skip,6.75,No,-,Yes,-,Skip,-,Skip,-,Skip,-,Skip,-,Yes,-,No,-,Skip,-,No,-,Skip,6,Skip,-,No,-,No,-,No,-,No,-,Yes,-,No,-,No,-,Skip,-,Yes,-,Yes,-,Skip,-,No,-,No,-
9/14/2016,No,-,No,-,Skip,6.75,No,-,Yes,-,Skip,-,Skip,-,Yes,-,Yes,-,Yes,-,No,-,Skip,-,No,-,Skip,6.5,Skip,-,No,-,No,-,No,-,No,-,Yes,-,No,-,No,-,Skip,-,Yes,-,Yes,-,No,-,No,-,No,-
9/15/2016,No,-,No,-,Yes,8,No,-,Yes,-,Skip,-,Skip,-,No,-,Skip,-,No,-,No,-,Skip,-,No,-,No,1.5,No,-,No,-,No,-,No,-,No,-,Yes,-,No,-,No,-,Skip,-,Yes,-,Yes,-,Skip,-,No,-,No,-
9/16/2016,No,-,No,-,Yes,8,No,-,Yes,-,Skip,-,Skip,-,No,-,Skip,-,Skip,-,No,-,No,-,No,-,No,3,No,-,No,-,No,-,No,-,No,-,Yes,-,No,-,No,-,Skip,-,Yes,-,Yes,-,No,-,No,-,No,-
9/17/2016,No,-,Yes,-,No,5.5,No,-,Yes,-,Yes,-,Yes,-,No,-,Skip,-,Yes,-,Yes,-,No,-,No,-,No,3.5,Skip,-,No,-,No,-,No,-,No,-,No,-,No,-,No,-,Skip,-,No,-,No,-,No,-,Yes,4,No,-
9/18/2016,No,-,No,-,Yes,10,No,-,Yes,-,Yes,-,Skip,-,Yes,-,Yes,-,Skip,-,Yes,-,Skip,-,No,-,Skip,6.5,No,-,No,-,No,-,No,-,No,-,Yes,-,No,-,No,-,Skip,-,Yes,-,Yes,-,Yes,-,No,-,No,-
9/19/2016,No,-,Yes,-,Skip,7,No,-,Yes,-,Yes,-,Yes,-,Yes,-,Yes,-,No,-,Skip,-,Skip,-,No,-,Skip,6,No,-,No,-,No,-,No,-,No,-,Yes,-,No,-,No,-,Skip,-,Yes,-,Yes,-,No,-,No,-,No,-
9/20/2016,No,-,Yes,-,Yes,9,No,-,Yes,-,Yes,-,Yes,-,Yes,-,Yes,-,Skip,-,No,-,Skip,-,No,-,No,3.5,No,-,Yes,-,No,-,No,-,No,-,Yes,-,No,-,No,-,Skip,-,Yes,-,Yes,-,No,-,No,-,No,-
9/21/2016,No,-,Yes,-,Yes,7.5,No,-,Yes,-,Yes,-,Yes,-,Yes,-,Yes,-,Skip,-,No,-,Skip,-,No,-,No,3.5,No,-,Yes,-,No,-,No,-,Yes,-,Yes,-,No,-,No,-,Skip,-,Yes,-,Yes,-,No,-,No,-,Yes,Facetimed evan
9/22/2016,-,-,Yes,-,No,5.5,No,-,-,-,Yes,-,Yes,-,-,-,-,-,-,-,Skip,-,-,-,-,-,No,3.25,Yes,-,No,-,-,-,-,-,-,-,Yes,-,No,-,No,-,Skip,-,-,-,-,-,-,-,Yes,6,-,-
9/23/2016,-,-,-,-,-,-,-,-,-,-,-,-,-,-,-,-,-,-,-,-,-,-,-,-,-,-,No,0,No,-,No,-,-,-,-,-,-,-,-,-,No,-,No,-,Skip,-,-,-,-,-,-,-,-,-,-,-
9/24/2016,-,-,-,-,-,-,-,-,-,-,-,-,-,-,-,-,-,-,-,-,-,-,-,-,-,-,No,0,No,-,No,-,-,-,-,-,-,-,-,-,No,-,No,-,Skip,-,-,-,-,-,-,-,-,-,-,-
9/25/2016,-,-,-,-,-,-,-,-,-,-,-,-,-,-,-,-,-,-,-,-,-,-,-,-,-,-,Yes,8,Yes,-,No,-,-,-,-,-,-,-,-,-,-,-,-,-,-,-,-,-,-,-,-,-,-,-,-,-
9/26/2016,-,-,-,-,-,-,-,-,-,-,-,-,-,-,-,-,-,-,-,-,-,-,-,-,-,-,Yes,6,Yes,-,No,-,-,-,-,-,-,-,-,-,-,-,-,-,-,-,-,-,-,-,-,-,-,-,-,-
9/27/2016,-,-,-,-,-,-,-,-,-,-,-,-,-,-,-,-,-,-,-,-,-,-,-,-,-,-,No,3.5,No,-,Yes,-,-,-,-,-,-,-,-,-,-,-,-,-,-,-,-,-,-,-,-,-,-,-,-,-